Record Length,2.500000e+03,,   0.001467500000,  24.40000,
Sample Interval,1.000000e-08,,   0.001467510000,  24.00000,
Trigger Point,-1.467500000000e+05,,   0.001467520000,  24.00000,
,,,   0.001467530000,  24.40000,
,,,   0.001467540000,  24.00000,
,,,   0.001467550000,  24.00000,
Source,CH3,,   0.001467560000,  24.40000,
Vertical Units,V,,   0.001467570000,  24.00000,
Vertical Scale,1.000000e+01,,   0.001467580000,  24.40000,
Vertical Offset,-1.840000e+01,,   0.001467590000,  24.00000,
Horizontal Units,s,,   0.001467600000,  24.40000,
Horizontal Scale,2.500000e-06,,   0.001467610000,  24.00000,
Pt Fmt,Y,,   0.001467620000,  24.40000,
Yzero,0.000000e+00,,   0.001467630000,  24.00000,
Probe Atten,2.000000e+01,,   0.001467640000,  24.00000,
Firmware Version,FV:v10.21,,   0.001467650000,  24.00000,
,,,0.001467660000,  24.40000,
,,,0.001467670000,  24.00000,
,,,0.001467680000,  24.00000,
,,,0.001467690000,  24.00000,
,,,0.001467700000,  24.00000,
,,,0.001467710000,  24.40000,
,,,0.001467720000,  24.00000,
,,,0.001467730000,  24.00000,
,,,0.001467740000,  24.00000,
,,,0.001467750000,  24.00000,
,,,0.001467760000,  24.00000,
,,,0.001467770000,  24.40000,
,,,0.001467780000,  24.00000,
,,,0.001467790000,  24.40000,
,,,0.001467800000,  24.40000,
,,,0.001467810000,  24.40000,
,,,0.001467820000,  24.40000,
,,,0.001467830000,  24.40000,
,,,0.001467840000,  24.00000,
,,,0.001467850000,  24.00000,
,,,0.001467860000,  24.40000,
,,,0.001467870000,  24.00000,
,,,0.001467880000,  24.00000,
,,,0.001467890000,  24.40000,
,,,0.001467900000,  24.40000,
,,,0.001467910000,  24.00000,
,,,0.001467920000,  24.00000,
,,,0.001467930000,  24.40000,
,,,0.001467940000,  24.40000,
,,,0.001467950000,  24.00000,
,,,0.001467960000,  24.40000,
,,,0.001467970000,  24.00000,
,,,0.001467980000,  24.00000,
,,,0.001467990000,  24.00000,
,,,0.001468000000,  24.40000,
,,,0.001468010000,  24.00000,
,,,0.001468020000,  24.00000,
,,,0.001468030000,  24.00000,
,,,0.001468040000,  24.00000,
,,,0.001468050000,  24.00000,
,,,0.001468060000,  24.00000,
,,,0.001468070000,  24.00000,
,,,0.001468080000,  24.40000,
,,,0.001468090000,  24.00000,
,,,0.001468100000,  24.00000,
,,,0.001468110000,  24.00000,
,,,0.001468120000,  24.40000,
,,,0.001468130000,  24.00000,
,,,0.001468140000,  24.00000,
,,,0.001468150000,  24.00000,
,,,0.001468160000,  24.40000,
,,,0.001468170000,  24.40000,
,,,0.001468180000,  24.00000,
,,,0.001468190000,  24.40000,
,,,0.001468200000,  24.00000,
,,,0.001468210000,  24.40000,
,,,0.001468220000,  24.40000,
,,,0.001468230000,  24.00000,
,,,0.001468240000,  24.00000,
,,,0.001468250000,  24.40000,
,,,0.001468260000,  24.00000,
,,,0.001468270000,  24.40000,
,,,0.001468280000,  24.00000,
,,,0.001468290000,  24.40000,
,,,0.001468300000,  24.00000,
,,,0.001468310000,  24.00000,
,,,0.001468320000,  24.40000,
,,,0.001468330000,  24.00000,
,,,0.001468340000,  24.40000,
,,,0.001468350000,  24.00000,
,,,0.001468360000,  24.40000,
,,,0.001468370000,  24.00000,
,,,0.001468380000,  24.00000,
,,,0.001468390000,  24.00000,
,,,0.001468400000,  24.00000,
,,,0.001468410000,  24.40000,
,,,0.001468420000,  24.00000,
,,,0.001468430000,  24.40000,
,,,0.001468440000,  24.00000,
,,,0.001468450000,  24.40000,
,,,0.001468460000,  24.00000,
,,,0.001468470000,  24.40000,
,,,0.001468480000,  24.40000,
,,,0.001468490000,  24.00000,
,,,0.001468500000,  24.40000,
,,,0.001468510000,  24.00000,
,,,0.001468520000,  24.40000,
,,,0.001468530000,  24.00000,
,,,0.001468540000,  24.00000,
,,,0.001468550000,  24.00000,
,,,0.001468560000,  24.40000,
,,,0.001468570000,  24.00000,
,,,0.001468580000,  24.00000,
,,,0.001468590000,  24.40000,
,,,0.001468600000,  24.00000,
,,,0.001468610000,  24.00000,
,,,0.001468620000,  24.40000,
,,,0.001468630000,  24.40000,
,,,0.001468640000,  24.00000,
,,,0.001468650000,  24.40000,
,,,0.001468660000,  24.00000,
,,,0.001468670000,  24.40000,
,,,0.001468680000,  24.40000,
,,,0.001468690000,  24.40000,
,,,0.001468700000,  24.00000,
,,,0.001468710000,  24.40000,
,,,0.001468720000,  24.40000,
,,,0.001468730000,  24.40000,
,,,0.001468740000,  24.40000,
,,,0.001468750000,  24.00000,
,,,0.001468760000,  24.40000,
,,,0.001468770000,  24.00000,
,,,0.001468780000,  24.40000,
,,,0.001468790000,  24.00000,
,,,0.001468800000,  24.00000,
,,,0.001468810000,  24.40000,
,,,0.001468820000,  24.40000,
,,,0.001468830000,  24.40000,
,,,0.001468840000,  24.00000,
,,,0.001468850000,  24.40000,
,,,0.001468860000,  24.40000,
,,,0.001468870000,  24.40000,
,,,0.001468880000,  24.00000,
,,,0.001468890000,  24.40000,
,,,0.001468900000,  24.00000,
,,,0.001468910000,  24.00000,
,,,0.001468920000,  24.00000,
,,,0.001468930000,  24.40000,
,,,0.001468940000,  24.00000,
,,,0.001468950000,  24.00000,
,,,0.001468960000,  24.00000,
,,,0.001468970000,  24.00000,
,,,0.001468980000,  24.00000,
,,,0.001468990000,  24.00000,
,,,0.001469000000,  24.00000,
,,,0.001469010000,  24.00000,
,,,0.001469020000,  24.00000,
,,,0.001469030000,  24.00000,
,,,0.001469040000,  24.40000,
,,,0.001469050000,  24.40000,
,,,0.001469060000,  24.40000,
,,,0.001469070000,  24.40000,
,,,0.001469080000,  24.40000,
,,,0.001469090000,  24.40000,
,,,0.001469100000,  24.00000,
,,,0.001469110000,  24.40000,
,,,0.001469120000,  24.00000,
,,,0.001469130000,  24.00000,
,,,0.001469140000,  24.00000,
,,,0.001469150000,  24.40000,
,,,0.001469160000,  24.40000,
,,,0.001469170000,  24.00000,
,,,0.001469180000,  24.40000,
,,,0.001469190000,  24.40000,
,,,0.001469200000,  24.40000,
,,,0.001469210000,  24.40000,
,,,0.001469220000,  24.00000,
,,,0.001469230000,  24.40000,
,,,0.001469240000,  24.00000,
,,,0.001469250000,  24.40000,
,,,0.001469260000,  24.40000,
,,,0.001469270000,  24.40000,
,,,0.001469280000,  24.40000,
,,,0.001469290000,  24.40000,
,,,0.001469300000,  24.40000,
,,,0.001469310000,  24.00000,
,,,0.001469320000,  24.40000,
,,,0.001469330000,  24.00000,
,,,0.001469340000,  24.00000,
,,,0.001469350000,  24.00000,
,,,0.001469360000,  24.00000,
,,,0.001469370000,  24.40000,
,,,0.001469380000,  24.00000,
,,,0.001469390000,  24.00000,
,,,0.001469400000,  24.40000,
,,,0.001469410000,  24.40000,
,,,0.001469420000,  24.40000,
,,,0.001469430000,  24.40000,
,,,0.001469440000,  24.40000,
,,,0.001469450000,  24.00000,
,,,0.001469460000,  24.40000,
,,,0.001469470000,  24.00000,
,,,0.001469480000,  24.40000,
,,,0.001469490000,  24.40000,
,,,0.001469500000,  24.00000,
,,,0.001469510000,  24.40000,
,,,0.001469520000,  24.00000,
,,,0.001469530000,  24.40000,
,,,0.001469540000,  24.40000,
,,,0.001469550000,  24.40000,
,,,0.001469560000,  24.40000,
,,,0.001469570000,  24.40000,
,,,0.001469580000,  24.40000,
,,,0.001469590000,  24.00000,
,,,0.001469600000,  24.40000,
,,,0.001469610000,  24.40000,
,,,0.001469620000,  24.40000,
,,,0.001469630000,  24.40000,
,,,0.001469640000,  24.40000,
,,,0.001469650000,  24.40000,
,,,0.001469660000,  24.00000,
,,,0.001469670000,  24.40000,
,,,0.001469680000,  24.40000,
,,,0.001469690000,  24.40000,
,,,0.001469700000,  24.40000,
,,,0.001469710000,  24.40000,
,,,0.001469720000,  24.00000,
,,,0.001469730000,  24.40000,
,,,0.001469740000,  24.00000,
,,,0.001469750000,  24.40000,
,,,0.001469760000,  24.00000,
,,,0.001469770000,  24.40000,
,,,0.001469780000,  24.00000,
,,,0.001469790000,  24.40000,
,,,0.001469800000,  24.40000,
,,,0.001469810000,  24.40000,
,,,0.001469820000,  24.00000,
,,,0.001469830000,  24.00000,
,,,0.001469840000,  24.40000,
,,,0.001469850000,  24.00000,
,,,0.001469860000,  24.00000,
,,,0.001469870000,  24.00000,
,,,0.001469880000,  24.00000,
,,,0.001469890000,  24.00000,
,,,0.001469900000,  24.00000,
,,,0.001469910000,  24.40000,
,,,0.001469920000,  24.00000,
,,,0.001469930000,  24.40000,
,,,0.001469940000,  24.40000,
,,,0.001469950000,  24.40000,
,,,0.001469960000,  24.00000,
,,,0.001469970000,  24.00000,
,,,0.001469980000,  24.40000,
,,,0.001469990000,  24.40000,
,,,0.001470000000,  24.40000,
,,,0.001470010000,  24.40000,
,,,0.001470020000,  24.40000,
,,,0.001470030000,  24.40000,
,,,0.001470040000,  24.40000,
,,,0.001470050000,  24.40000,
,,,0.001470060000,  24.00000,
,,,0.001470070000,  24.40000,
,,,0.001470080000,  24.00000,
,,,0.001470090000,  24.00000,
,,,0.001470100000,  24.40000,
,,,0.001470110000,  24.40000,
,,,0.001470120000,  24.40000,
,,,0.001470130000,  24.40000,
,,,0.001470140000,  24.00000,
,,,0.001470150000,  24.00000,
,,,0.001470160000,  24.00000,
,,,0.001470170000,  24.00000,
,,,0.001470180000,  24.40000,
,,,0.001470190000,  24.40000,
,,,0.001470200000,  24.00000,
,,,0.001470210000,  24.40000,
,,,0.001470220000,  24.40000,
,,,0.001470230000,  24.40000,
,,,0.001470240000,  24.40000,
,,,0.001470250000,  24.40000,
,,,0.001470260000,  24.00000,
,,,0.001470270000,  24.40000,
,,,0.001470280000,  24.40000,
,,,0.001470290000,  24.40000,
,,,0.001470300000,  24.40000,
,,,0.001470310000,  24.40000,
,,,0.001470320000,  24.40000,
,,,0.001470330000,  24.00000,
,,,0.001470340000,  24.00000,
,,,0.001470350000,  24.00000,
,,,0.001470360000,  24.40000,
,,,0.001470370000,  24.40000,
,,,0.001470380000,  24.40000,
,,,0.001470390000,  24.00000,
,,,0.001470400000,  24.00000,
,,,0.001470410000,  24.00000,
,,,0.001470420000,  24.40000,
,,,0.001470430000,  24.40000,
,,,0.001470440000,  24.00000,
,,,0.001470450000,  24.00000,
,,,0.001470460000,  24.00000,
,,,0.001470470000,  24.00000,
,,,0.001470480000,  24.00000,
,,,0.001470490000,  24.40000,
,,,0.001470500000,  24.00000,
,,,0.001470510000,  24.00000,
,,,0.001470520000,  24.00000,
,,,0.001470530000,  24.00000,
,,,0.001470540000,  24.00000,
,,,0.001470550000,  24.00000,
,,,0.001470560000,  24.40000,
,,,0.001470570000,  24.00000,
,,,0.001470580000,  24.40000,
,,,0.001470590000,  24.00000,
,,,0.001470600000,  24.40000,
,,,0.001470610000,  24.00000,
,,,0.001470620000,  24.00000,
,,,0.001470630000,  24.00000,
,,,0.001470640000,  24.00000,
,,,0.001470650000,  24.00000,
,,,0.001470660000,  24.00000,
,,,0.001470670000,  24.00000,
,,,0.001470680000,  24.40000,
,,,0.001470690000,  24.40000,
,,,0.001470700000,  24.00000,
,,,0.001470710000,  24.00000,
,,,0.001470720000,  24.00000,
,,,0.001470730000,  24.40000,
,,,0.001470740000,  24.00000,
,,,0.001470750000,  24.00000,
,,,0.001470760000,  24.40000,
,,,0.001470770000,  24.00000,
,,,0.001470780000,  24.00000,
,,,0.001470790000,  24.40000,
,,,0.001470800000,  24.40000,
,,,0.001470810000,  24.00000,
,,,0.001470820000,  24.00000,
,,,0.001470830000,  24.40000,
,,,0.001470840000,  24.00000,
,,,0.001470850000,  24.00000,
,,,0.001470860000,  24.00000,
,,,0.001470870000,  24.40000,
,,,0.001470880000,  24.00000,
,,,0.001470890000,  24.00000,
,,,0.001470900000,  24.00000,
,,,0.001470910000,  24.40000,
,,,0.001470920000,  24.00000,
,,,0.001470930000,  24.40000,
,,,0.001470940000,  24.40000,
,,,0.001470950000,  24.00000,
,,,0.001470960000,  24.00000,
,,,0.001470970000,  24.00000,
,,,0.001470980000,  24.40000,
,,,0.001470990000,  24.40000,
,,,0.001471000000,  24.40000,
,,,0.001471010000,  24.00000,
,,,0.001471020000,  24.40000,
,,,0.001471030000,  24.40000,
,,,0.001471040000,  24.00000,
,,,0.001471050000,  24.00000,
,,,0.001471060000,  24.40000,
,,,0.001471070000,  24.40000,
,,,0.001471080000,  24.00000,
,,,0.001471090000,  24.00000,
,,,0.001471100000,  24.40000,
,,,0.001471110000,  24.00000,
,,,0.001471120000,  24.00000,
,,,0.001471130000,  24.40000,
,,,0.001471140000,  24.40000,
,,,0.001471150000,  24.40000,
,,,0.001471160000,  24.40000,
,,,0.001471170000,  24.40000,
,,,0.001471180000,  24.40000,
,,,0.001471190000,  24.00000,
,,,0.001471200000,  24.00000,
,,,0.001471210000,  24.40000,
,,,0.001471220000,  24.00000,
,,,0.001471230000,  24.40000,
,,,0.001471240000,  24.00000,
,,,0.001471250000,  24.40000,
,,,0.001471260000,  24.40000,
,,,0.001471270000,  24.00000,
,,,0.001471280000,  24.00000,
,,,0.001471290000,  24.40000,
,,,0.001471300000,  24.40000,
,,,0.001471310000,  24.00000,
,,,0.001471320000,  24.40000,
,,,0.001471330000,  24.40000,
,,,0.001471340000,  24.00000,
,,,0.001471350000,  24.00000,
,,,0.001471360000,  24.40000,
,,,0.001471370000,  24.40000,
,,,0.001471380000,  24.00000,
,,,0.001471390000,  24.00000,
,,,0.001471400000,  24.00000,
,,,0.001471410000,  24.00000,
,,,0.001471420000,  24.40000,
,,,0.001471430000,  24.00000,
,,,0.001471440000,  24.00000,
,,,0.001471450000,  24.40000,
,,,0.001471460000,  24.00000,
,,,0.001471470000,  24.00000,
,,,0.001471480000,  24.00000,
,,,0.001471490000,  24.00000,
,,,0.001471500000,  24.00000,
,,,0.001471510000,  24.00000,
,,,0.001471520000,  24.00000,
,,,0.001471530000,  24.40000,
,,,0.001471540000,  24.00000,
,,,0.001471550000,  24.00000,
,,,0.001471560000,  24.40000,
,,,0.001471570000,  24.00000,
,,,0.001471580000,  24.00000,
,,,0.001471590000,  24.40000,
,,,0.001471600000,  24.40000,
,,,0.001471610000,  24.40000,
,,,0.001471620000,  24.00000,
,,,0.001471630000,  24.40000,
,,,0.001471640000,  24.40000,
,,,0.001471650000,  24.00000,
,,,0.001471660000,  24.00000,
,,,0.001471670000,  24.00000,
,,,0.001471680000,  24.00000,
,,,0.001471690000,  24.00000,
,,,0.001471700000,  24.00000,
,,,0.001471710000,  24.00000,
,,,0.001471720000,  24.00000,
,,,0.001471730000,  24.40000,
,,,0.001471740000,  24.00000,
,,,0.001471750000,  24.00000,
,,,0.001471760000,  24.00000,
,,,0.001471770000,  24.00000,
,,,0.001471780000,  24.40000,
,,,0.001471790000,  24.00000,
,,,0.001471800000,  24.00000,
,,,0.001471810000,  24.40000,
,,,0.001471820000,  24.40000,
,,,0.001471830000,  24.00000,
,,,0.001471840000,  24.00000,
,,,0.001471850000,  24.00000,
,,,0.001471860000,  24.00000,
,,,0.001471870000,  24.00000,
,,,0.001471880000,  24.00000,
,,,0.001471890000,  24.00000,
,,,0.001471900000,  24.00000,
,,,0.001471910000,  24.00000,
,,,0.001471920000,  24.00000,
,,,0.001471930000,  24.00000,
,,,0.001471940000,  24.00000,
,,,0.001471950000,  24.00000,
,,,0.001471960000,  24.00000,
,,,0.001471970000,  24.00000,
,,,0.001471980000,  24.00000,
,,,0.001471990000,  24.00000,
,,,0.001472000000,  24.00000,
,,,0.001472010000,  24.40000,
,,,0.001472020000,  24.00000,
,,,0.001472030000,  24.00000,
,,,0.001472040000,  24.00000,
,,,0.001472050000,  24.00000,
,,,0.001472060000,  24.40000,
,,,0.001472070000,  24.40000,
,,,0.001472080000,  24.00000,
,,,0.001472090000,  24.00000,
,,,0.001472100000,  24.00000,
,,,0.001472110000,  24.40000,
,,,0.001472120000,  24.40000,
,,,0.001472130000,  24.00000,
,,,0.001472140000,  24.40000,
,,,0.001472150000,  24.40000,
,,,0.001472160000,  24.00000,
,,,0.001472170000,  24.00000,
,,,0.001472180000,  24.40000,
,,,0.001472190000,  24.00000,
,,,0.001472200000,  24.40000,
,,,0.001472210000,  24.40000,
,,,0.001472220000,  24.00000,
,,,0.001472230000,  24.00000,
,,,0.001472240000,  24.00000,
,,,0.001472250000,  24.40000,
,,,0.001472260000,  24.00000,
,,,0.001472270000,  24.00000,
,,,0.001472280000,  24.00000,
,,,0.001472290000,  24.00000,
,,,0.001472300000,  24.40000,
,,,0.001472310000,  24.00000,
,,,0.001472320000,  24.40000,
,,,0.001472330000,  24.00000,
,,,0.001472340000,  24.00000,
,,,0.001472350000,  24.00000,
,,,0.001472360000,  24.00000,
,,,0.001472370000,  24.40000,
,,,0.001472380000,  24.00000,
,,,0.001472390000,  24.00000,
,,,0.001472400000,  24.00000,
,,,0.001472410000,  24.40000,
,,,0.001472420000,  24.00000,
,,,0.001472430000,  24.40000,
,,,0.001472440000,  24.40000,
,,,0.001472450000,  24.00000,
,,,0.001472460000,  24.40000,
,,,0.001472470000,  24.00000,
,,,0.001472480000,  24.40000,
,,,0.001472490000,  24.40000,
,,,0.001472500000,  24.00000,
,,,0.001472510000,  24.00000,
,,,0.001472520000,  24.40000,
,,,0.001472530000,  24.40000,
,,,0.001472540000,  24.00000,
,,,0.001472550000,  24.00000,
,,,0.001472560000,  24.00000,
,,,0.001472570000,  24.00000,
,,,0.001472580000,  24.00000,
,,,0.001472590000,  24.00000,
,,,0.001472600000,  24.00000,
,,,0.001472610000,  24.40000,
,,,0.001472620000,  24.40000,
,,,0.001472630000,  24.00000,
,,,0.001472640000,  24.00000,
,,,0.001472650000,  24.00000,
,,,0.001472660000,  24.00000,
,,,0.001472670000,  24.00000,
,,,0.001472680000,  24.00000,
,,,0.001472690000,  24.40000,
,,,0.001472700000,  24.40000,
,,,0.001472710000,  24.00000,
,,,0.001472720000,  24.00000,
,,,0.001472730000,  24.00000,
,,,0.001472740000,  24.40000,
,,,0.001472750000,  24.00000,
,,,0.001472760000,  24.40000,
,,,0.001472770000,  24.00000,
,,,0.001472780000,  24.40000,
,,,0.001472790000,  24.40000,
,,,0.001472800000,  24.00000,
,,,0.001472810000,  24.00000,
,,,0.001472820000,  24.00000,
,,,0.001472830000,  24.00000,
,,,0.001472840000,  24.00000,
,,,0.001472850000,  24.40000,
,,,0.001472860000,  24.00000,
,,,0.001472870000,  24.40000,
,,,0.001472880000,  24.40000,
,,,0.001472890000,  24.40000,
,,,0.001472900000,  24.00000,
,,,0.001472910000,  24.00000,
,,,0.001472920000,  24.40000,
,,,0.001472930000,  24.40000,
,,,0.001472940000,  24.00000,
,,,0.001472950000,  24.00000,
,,,0.001472960000,  24.40000,
,,,0.001472970000,  24.40000,
,,,0.001472980000,  24.00000,
,,,0.001472990000,  24.40000,
,,,0.001473000000,  24.00000,
,,,0.001473010000,  24.40000,
,,,0.001473020000,  24.40000,
,,,0.001473030000,  24.00000,
,,,0.001473040000,  24.00000,
,,,0.001473050000,  24.00000,
,,,0.001473060000,  24.00000,
,,,0.001473070000,  24.00000,
,,,0.001473080000,  24.00000,
,,,0.001473090000,  24.00000,
,,,0.001473100000,  24.40000,
,,,0.001473110000,  24.40000,
,,,0.001473120000,  24.00000,
,,,0.001473130000,  24.00000,
,,,0.001473140000,  24.40000,
,,,0.001473150000,  24.40000,
,,,0.001473160000,  24.40000,
,,,0.001473170000,  24.40000,
,,,0.001473180000,  24.00000,
,,,0.001473190000,  24.40000,
,,,0.001473200000,  24.40000,
,,,0.001473210000,  24.40000,
,,,0.001473220000,  24.00000,
,,,0.001473230000,  24.00000,
,,,0.001473240000,  24.40000,
,,,0.001473250000,  24.40000,
,,,0.001473260000,  24.40000,
,,,0.001473270000,  24.40000,
,,,0.001473280000,  24.00000,
,,,0.001473290000,  24.40000,
,,,0.001473300000,  24.00000,
,,,0.001473310000,  24.40000,
,,,0.001473320000,  24.00000,
,,,0.001473330000,  24.00000,
,,,0.001473340000,  24.00000,
,,,0.001473350000,  24.00000,
,,,0.001473360000,  24.40000,
,,,0.001473370000,  24.40000,
,,,0.001473380000,  24.00000,
,,,0.001473390000,  24.40000,
,,,0.001473400000,  24.40000,
,,,0.001473410000,  24.00000,
,,,0.001473420000,  24.40000,
,,,0.001473430000,  24.40000,
,,,0.001473440000,  24.40000,
,,,0.001473450000,  24.40000,
,,,0.001473460000,  24.00000,
,,,0.001473470000,  24.40000,
,,,0.001473480000,  24.00000,
,,,0.001473490000,  24.00000,
,,,0.001473500000,  24.40000,
,,,0.001473510000,  24.40000,
,,,0.001473520000,  24.40000,
,,,0.001473530000,  24.00000,
,,,0.001473540000,  24.40000,
,,,0.001473550000,  24.40000,
,,,0.001473560000,  24.40000,
,,,0.001473570000,  24.00000,
,,,0.001473580000,  24.00000,
,,,0.001473590000,  24.40000,
,,,0.001473600000,  24.40000,
,,,0.001473610000,  24.40000,
,,,0.001473620000,  24.40000,
,,,0.001473630000,  24.00000,
,,,0.001473640000,  24.00000,
,,,0.001473650000,  24.40000,
,,,0.001473660000,  24.40000,
,,,0.001473670000,  24.00000,
,,,0.001473680000,  24.40000,
,,,0.001473690000,  24.40000,
,,,0.001473700000,  24.00000,
,,,0.001473710000,  24.40000,
,,,0.001473720000,  24.00000,
,,,0.001473730000,  24.00000,
,,,0.001473740000,  24.00000,
,,,0.001473750000,  24.40000,
,,,0.001473760000,  24.00000,
,,,0.001473770000,  24.40000,
,,,0.001473780000,  24.00000,
,,,0.001473790000,  24.40000,
,,,0.001473800000,  24.40000,
,,,0.001473810000,  24.00000,
,,,0.001473820000,  24.00000,
,,,0.001473830000,  24.40000,
,,,0.001473840000,  24.00000,
,,,0.001473850000,  24.40000,
,,,0.001473860000,  24.00000,
,,,0.001473870000,  24.00000,
,,,0.001473880000,  24.40000,
,,,0.001473890000,  24.40000,
,,,0.001473900000,  24.40000,
,,,0.001473910000,  24.00000,
,,,0.001473920000,  24.00000,
,,,0.001473930000,  24.00000,
,,,0.001473940000,  24.40000,
,,,0.001473950000,  24.40000,
,,,0.001473960000,  24.00000,
,,,0.001473970000,  24.40000,
,,,0.001473980000,  24.00000,
,,,0.001473990000,  24.40000,
,,,0.001474000000,  24.40000,
,,,0.001474010000,  24.00000,
,,,0.001474020000,  24.00000,
,,,0.001474030000,  24.40000,
,,,0.001474040000,  24.00000,
,,,0.001474050000,  24.00000,
,,,0.001474060000,  24.40000,
,,,0.001474070000,  24.00000,
,,,0.001474080000,  24.00000,
,,,0.001474090000,  24.40000,
,,,0.001474100000,  24.00000,
,,,0.001474110000,  24.40000,
,,,0.001474120000,  24.40000,
,,,0.001474130000,  24.00000,
,,,0.001474140000,  24.00000,
,,,0.001474150000,  24.40000,
,,,0.001474160000,  24.40000,
,,,0.001474170000,  24.40000,
,,,0.001474180000,  24.40000,
,,,0.001474190000,  24.40000,
,,,0.001474200000,  24.40000,
,,,0.001474210000,  24.00000,
,,,0.001474220000,  24.40000,
,,,0.001474230000,  24.00000,
,,,0.001474240000,  24.40000,
,,,0.001474250000,  24.40000,
,,,0.001474260000,  24.40000,
,,,0.001474270000,  24.40000,
,,,0.001474280000,  24.40000,
,,,0.001474290000,  24.00000,
,,,0.001474300000,  24.00000,
,,,0.001474310000,  24.00000,
,,,0.001474320000,  24.40000,
,,,0.001474330000,  24.00000,
,,,0.001474340000,  24.40000,
,,,0.001474350000,  24.00000,
,,,0.001474360000,  24.40000,
,,,0.001474370000,  24.40000,
,,,0.001474380000,  24.00000,
,,,0.001474390000,  24.00000,
,,,0.001474400000,  24.40000,
,,,0.001474410000,  24.00000,
,,,0.001474420000,  24.40000,
,,,0.001474430000,  24.00000,
,,,0.001474440000,  24.40000,
,,,0.001474450000,  24.00000,
,,,0.001474460000,  24.00000,
,,,0.001474470000,  24.40000,
,,,0.001474480000,  24.00000,
,,,0.001474490000,  24.40000,
,,,0.001474500000,  24.00000,
,,,0.001474510000,  24.40000,
,,,0.001474520000,  24.00000,
,,,0.001474530000,  24.40000,
,,,0.001474540000,  24.00000,
,,,0.001474550000,  24.00000,
,,,0.001474560000,  24.00000,
,,,0.001474570000,  24.40000,
,,,0.001474580000,  24.40000,
,,,0.001474590000,  24.00000,
,,,0.001474600000,  24.00000,
,,,0.001474610000,  24.00000,
,,,0.001474620000,  24.00000,
,,,0.001474630000,  24.00000,
,,,0.001474640000,  24.40000,
,,,0.001474650000,  24.40000,
,,,0.001474660000,  24.40000,
,,,0.001474670000,  24.00000,
,,,0.001474680000,  24.40000,
,,,0.001474690000,  24.00000,
,,,0.001474700000,  24.40000,
,,,0.001474710000,  24.00000,
,,,0.001474720000,  24.40000,
,,,0.001474730000,  24.00000,
,,,0.001474740000,  24.00000,
,,,0.001474750000,  24.00000,
,,,0.001474760000,  24.00000,
,,,0.001474770000,  24.40000,
,,,0.001474780000,  24.40000,
,,,0.001474790000,  24.40000,
,,,0.001474800000,  24.00000,
,,,0.001474810000,  24.40000,
,,,0.001474820000,  24.00000,
,,,0.001474830000,  24.40000,
,,,0.001474840000,  24.40000,
,,,0.001474850000,  24.00000,
,,,0.001474860000,  24.00000,
,,,0.001474870000,  24.40000,
,,,0.001474880000,  24.00000,
,,,0.001474890000,  24.00000,
,,,0.001474900000,  24.00000,
,,,0.001474910000,  24.40000,
,,,0.001474920000,  24.00000,
,,,0.001474930000,  24.00000,
,,,0.001474940000,  24.00000,
,,,0.001474950000,  24.40000,
,,,0.001474960000,  24.00000,
,,,0.001474970000,  24.00000,
,,,0.001474980000,  24.00000,
,,,0.001474990000,  24.00000,
,,,0.001475000000,  24.40000,
,,,0.001475010000,  24.00000,
,,,0.001475020000,  24.40000,
,,,0.001475030000,  24.40000,
,,,0.001475040000,  24.00000,
,,,0.001475050000,  24.40000,
,,,0.001475060000,  24.00000,
,,,0.001475070000,  24.00000,
,,,0.001475080000,  24.00000,
,,,0.001475090000,  24.00000,
,,,0.001475100000,  24.00000,
,,,0.001475110000,  24.40000,
,,,0.001475120000,  24.40000,
,,,0.001475130000,  24.40000,
,,,0.001475140000,  24.40000,
,,,0.001475150000,  24.00000,
,,,0.001475160000,  24.40000,
,,,0.001475170000,  24.40000,
,,,0.001475180000,  24.00000,
,,,0.001475190000,  24.00000,
,,,0.001475200000,  24.00000,
,,,0.001475210000,  24.00000,
,,,0.001475220000,  24.40000,
,,,0.001475230000,  24.00000,
,,,0.001475240000,  24.40000,
,,,0.001475250000,  24.40000,
,,,0.001475260000,  24.00000,
,,,0.001475270000,  24.40000,
,,,0.001475280000,  24.40000,
,,,0.001475290000,  24.00000,
,,,0.001475300000,  24.00000,
,,,0.001475310000,  24.00000,
,,,0.001475320000,  24.00000,
,,,0.001475330000,  24.40000,
,,,0.001475340000,  24.40000,
,,,0.001475350000,  24.00000,
,,,0.001475360000,  24.00000,
,,,0.001475370000,  24.00000,
,,,0.001475380000,  24.40000,
,,,0.001475390000,  24.00000,
,,,0.001475400000,  24.00000,
,,,0.001475410000,  24.40000,
,,,0.001475420000,  24.00000,
,,,0.001475430000,  24.40000,
,,,0.001475440000,  24.00000,
,,,0.001475450000,  24.00000,
,,,0.001475460000,  24.00000,
,,,0.001475470000,  24.00000,
,,,0.001475480000,  24.40000,
,,,0.001475490000,  24.40000,
,,,0.001475500000,  24.00000,
,,,0.001475510000,  24.40000,
,,,0.001475520000,  24.40000,
,,,0.001475530000,  24.40000,
,,,0.001475540000,  24.00000,
,,,0.001475550000,  24.40000,
,,,0.001475560000,  24.00000,
,,,0.001475570000,  24.00000,
,,,0.001475580000,  24.00000,
,,,0.001475590000,  24.40000,
,,,0.001475600000,  24.00000,
,,,0.001475610000,  24.00000,
,,,0.001475620000,  24.00000,
,,,0.001475630000,  24.00000,
,,,0.001475640000,  24.00000,
,,,0.001475650000,  24.40000,
,,,0.001475660000,  24.00000,
,,,0.001475670000,  24.00000,
,,,0.001475680000,  24.00000,
,,,0.001475690000,  24.00000,
,,,0.001475700000,  24.40000,
,,,0.001475710000,  24.00000,
,,,0.001475720000,  24.00000,
,,,0.001475730000,  24.00000,
,,,0.001475740000,  24.40000,
,,,0.001475750000,  24.40000,
,,,0.001475760000,  24.40000,
,,,0.001475770000,  24.00000,
,,,0.001475780000,  24.40000,
,,,0.001475790000,  24.00000,
,,,0.001475800000,  24.00000,
,,,0.001475810000,  24.00000,
,,,0.001475820000,  24.40000,
,,,0.001475830000,  24.40000,
,,,0.001475840000,  24.00000,
,,,0.001475850000,  24.00000,
,,,0.001475860000,  24.00000,
,,,0.001475870000,  24.00000,
,,,0.001475880000,  24.00000,
,,,0.001475890000,  24.40000,
,,,0.001475900000,  24.40000,
,,,0.001475910000,  24.00000,
,,,0.001475920000,  24.40000,
,,,0.001475930000,  24.40000,
,,,0.001475940000,  24.40000,
,,,0.001475950000,  24.00000,
,,,0.001475960000,  24.00000,
,,,0.001475970000,  24.00000,
,,,0.001475980000,  24.00000,
,,,0.001475990000,  24.00000,
,,,0.001476000000,  24.00000,
,,,0.001476010000,  24.00000,
,,,0.001476020000,  24.40000,
,,,0.001476030000,  24.00000,
,,,0.001476040000,  24.00000,
,,,0.001476050000,  24.00000,
,,,0.001476060000,  24.00000,
,,,0.001476070000,  24.00000,
,,,0.001476080000,  24.40000,
,,,0.001476090000,  24.00000,
,,,0.001476100000,  24.00000,
,,,0.001476110000,  24.40000,
,,,0.001476120000,  24.00000,
,,,0.001476130000,  24.40000,
,,,0.001476140000,  24.40000,
,,,0.001476150000,  24.00000,
,,,0.001476160000,  24.40000,
,,,0.001476170000,  24.00000,
,,,0.001476180000,  24.40000,
,,,0.001476190000,  24.00000,
,,,0.001476200000,  24.40000,
,,,0.001476210000,  24.40000,
,,,0.001476220000,  24.00000,
,,,0.001476230000,  24.00000,
,,,0.001476240000,  24.40000,
,,,0.001476250000,  24.00000,
,,,0.001476260000,  24.40000,
,,,0.001476270000,  24.00000,
,,,0.001476280000,  24.40000,
,,,0.001476290000,  24.00000,
,,,0.001476300000,  24.40000,
,,,0.001476310000,  24.00000,
,,,0.001476320000,  24.40000,
,,,0.001476330000,  24.00000,
,,,0.001476340000,  24.00000,
,,,0.001476350000,  24.00000,
,,,0.001476360000,  24.40000,
,,,0.001476370000,  24.00000,
,,,0.001476380000,  24.00000,
,,,0.001476390000,  24.40000,
,,,0.001476400000,  24.40000,
,,,0.001476410000,  24.00000,
,,,0.001476420000,  24.40000,
,,,0.001476430000,  24.40000,
,,,0.001476440000,  24.00000,
,,,0.001476450000,  24.00000,
,,,0.001476460000,  24.00000,
,,,0.001476470000,  24.00000,
,,,0.001476480000,  24.40000,
,,,0.001476490000,  24.40000,
,,,0.001476500000,  24.40000,
,,,0.001476510000,  24.00000,
,,,0.001476520000,  24.40000,
,,,0.001476530000,  24.00000,
,,,0.001476540000,  24.40000,
,,,0.001476550000,  24.00000,
,,,0.001476560000,  24.40000,
,,,0.001476570000,  24.40000,
,,,0.001476580000,  24.00000,
,,,0.001476590000,  24.00000,
,,,0.001476600000,  24.00000,
,,,0.001476610000,  24.00000,
,,,0.001476620000,  24.00000,
,,,0.001476630000,  24.40000,
,,,0.001476640000,  24.40000,
,,,0.001476650000,  24.40000,
,,,0.001476660000,  24.00000,
,,,0.001476670000,  24.40000,
,,,0.001476680000,  24.00000,
,,,0.001476690000,  24.40000,
,,,0.001476700000,  24.40000,
,,,0.001476710000,  24.00000,
,,,0.001476720000,  24.00000,
,,,0.001476730000,  24.00000,
,,,0.001476740000,  24.40000,
,,,0.001476750000,  24.00000,
,,,0.001476760000,  24.00000,
,,,0.001476770000,  24.40000,
,,,0.001476780000,  24.40000,
,,,0.001476790000,  24.00000,
,,,0.001476800000,  24.40000,
,,,0.001476810000,  24.00000,
,,,0.001476820000,  24.40000,
,,,0.001476830000,  24.40000,
,,,0.001476840000,  24.40000,
,,,0.001476850000,  24.40000,
,,,0.001476860000,  24.00000,
,,,0.001476870000,  24.40000,
,,,0.001476880000,  24.40000,
,,,0.001476890000,  24.00000,
,,,0.001476900000,  24.00000,
,,,0.001476910000,  24.00000,
,,,0.001476920000,  24.00000,
,,,0.001476930000,  24.40000,
,,,0.001476940000,  24.40000,
,,,0.001476950000,  24.40000,
,,,0.001476960000,  24.40000,
,,,0.001476970000,  24.00000,
,,,0.001476980000,  24.40000,
,,,0.001476990000,  24.00000,
,,,0.001477000000,  24.40000,
,,,0.001477010000,  24.00000,
,,,0.001477020000,  24.00000,
,,,0.001477030000,  24.40000,
,,,0.001477040000,  24.40000,
,,,0.001477050000,  24.00000,
,,,0.001477060000,  24.40000,
,,,0.001477070000,  24.40000,
,,,0.001477080000,  24.40000,
,,,0.001477090000,  24.00000,
,,,0.001477100000,  24.40000,
,,,0.001477110000,  24.40000,
,,,0.001477120000,  24.40000,
,,,0.001477130000,  24.40000,
,,,0.001477140000,  24.40000,
,,,0.001477150000,  24.40000,
,,,0.001477160000,  24.00000,
,,,0.001477170000,  24.40000,
,,,0.001477180000,  24.40000,
,,,0.001477190000,  24.00000,
,,,0.001477200000,  24.00000,
,,,0.001477210000,  24.00000,
,,,0.001477220000,  24.40000,
,,,0.001477230000,  24.40000,
,,,0.001477240000,  24.00000,
,,,0.001477250000,  24.00000,
,,,0.001477260000,  24.40000,
,,,0.001477270000,  24.40000,
,,,0.001477280000,  24.00000,
,,,0.001477290000,  24.40000,
,,,0.001477300000,  24.40000,
,,,0.001477310000,  24.40000,
,,,0.001477320000,  24.00000,
,,,0.001477330000,  24.00000,
,,,0.001477340000,  24.00000,
,,,0.001477350000,  24.40000,
,,,0.001477360000,  24.40000,
,,,0.001477370000,  24.00000,
,,,0.001477380000,  24.40000,
,,,0.001477390000,  24.40000,
,,,0.001477400000,  24.40000,
,,,0.001477410000,  24.40000,
,,,0.001477420000,  24.00000,
,,,0.001477430000,  24.00000,
,,,0.001477440000,  24.00000,
,,,0.001477450000,  24.00000,
,,,0.001477460000,  24.40000,
,,,0.001477470000,  24.40000,
,,,0.001477480000,  24.00000,
,,,0.001477490000,  24.00000,
,,,0.001477500000,  24.40000,
,,,0.001477510000,  24.40000,
,,,0.001477520000,  24.40000,
,,,0.001477530000,  24.00000,
,,,0.001477540000,  24.00000,
,,,0.001477550000,  24.40000,
,,,0.001477560000,  24.40000,
,,,0.001477570000,  24.40000,
,,,0.001477580000,  24.00000,
,,,0.001477590000,  24.00000,
,,,0.001477600000,  24.00000,
,,,0.001477610000,  24.40000,
,,,0.001477620000,  24.00000,
,,,0.001477630000,  24.40000,
,,,0.001477640000,  24.00000,
,,,0.001477650000,  24.00000,
,,,0.001477660000,  24.40000,
,,,0.001477670000,  24.40000,
,,,0.001477680000,  24.40000,
,,,0.001477690000,  24.40000,
,,,0.001477700000,  24.00000,
,,,0.001477710000,  24.40000,
,,,0.001477720000,  24.00000,
,,,0.001477730000,  24.00000,
,,,0.001477740000,  24.40000,
,,,0.001477750000,  24.00000,
,,,0.001477760000,  24.40000,
,,,0.001477770000,  24.00000,
,,,0.001477780000,  24.00000,
,,,0.001477790000,  24.00000,
,,,0.001477800000,  24.00000,
,,,0.001477810000,  24.00000,
,,,0.001477820000,  24.40000,
,,,0.001477830000,  24.40000,
,,,0.001477840000,  24.40000,
,,,0.001477850000,  24.40000,
,,,0.001477860000,  24.40000,
,,,0.001477870000,  24.40000,
,,,0.001477880000,  24.40000,
,,,0.001477890000,  24.00000,
,,,0.001477900000,  24.00000,
,,,0.001477910000,  24.00000,
,,,0.001477920000,  24.00000,
,,,0.001477930000,  24.40000,
,,,0.001477940000,  24.00000,
,,,0.001477950000,  24.00000,
,,,0.001477960000,  24.00000,
,,,0.001477970000,  24.00000,
,,,0.001477980000,  24.00000,
,,,0.001477990000,  24.00000,
,,,0.001478000000,  24.00000,
,,,0.001478010000,  24.00000,
,,,0.001478020000,  24.00000,
,,,0.001478030000,  24.40000,
,,,0.001478040000,  24.00000,
,,,0.001478050000,  24.40000,
,,,0.001478060000,  24.00000,
,,,0.001478070000,  24.40000,
,,,0.001478080000,  24.40000,
,,,0.001478090000,  24.40000,
,,,0.001478100000,  24.40000,
,,,0.001478110000,  24.40000,
,,,0.001478120000,  24.40000,
,,,0.001478130000,  24.00000,
,,,0.001478140000,  24.40000,
,,,0.001478150000,  24.00000,
,,,0.001478160000,  24.00000,
,,,0.001478170000,  24.00000,
,,,0.001478180000,  24.00000,
,,,0.001478190000,  24.00000,
,,,0.001478200000,  24.00000,
,,,0.001478210000,  24.40000,
,,,0.001478220000,  24.40000,
,,,0.001478230000,  24.00000,
,,,0.001478240000,  24.40000,
,,,0.001478250000,  24.00000,
,,,0.001478260000,  24.40000,
,,,0.001478270000,  24.00000,
,,,0.001478280000,  24.40000,
,,,0.001478290000,  24.40000,
,,,0.001478300000,  24.00000,
,,,0.001478310000,  24.00000,
,,,0.001478320000,  24.40000,
,,,0.001478330000,  24.40000,
,,,0.001478340000,  24.40000,
,,,0.001478350000,  24.40000,
,,,0.001478360000,  24.00000,
,,,0.001478370000,  24.40000,
,,,0.001478380000,  24.00000,
,,,0.001478390000,  24.00000,
,,,0.001478400000,  24.00000,
,,,0.001478410000,  24.00000,
,,,0.001478420000,  24.40000,
,,,0.001478430000,  24.00000,
,,,0.001478440000,  24.00000,
,,,0.001478450000,  24.40000,
,,,0.001478460000,  24.00000,
,,,0.001478470000,  24.00000,
,,,0.001478480000,  24.00000,
,,,0.001478490000,  24.00000,
,,,0.001478500000,  24.00000,
,,,0.001478510000,  24.00000,
,,,0.001478520000,  24.00000,
,,,0.001478530000,  24.00000,
,,,0.001478540000,  24.40000,
,,,0.001478550000,  24.40000,
,,,0.001478560000,  24.40000,
,,,0.001478570000,  24.00000,
,,,0.001478580000,  24.00000,
,,,0.001478590000,  24.00000,
,,,0.001478600000,  24.00000,
,,,0.001478610000,  24.40000,
,,,0.001478620000,  24.00000,
,,,0.001478630000,  24.00000,
,,,0.001478640000,  24.40000,
,,,0.001478650000,  24.00000,
,,,0.001478660000,  24.40000,
,,,0.001478670000,  24.00000,
,,,0.001478680000,  24.40000,
,,,0.001478690000,  24.00000,
,,,0.001478700000,  24.40000,
,,,0.001478710000,  24.00000,
,,,0.001478720000,  24.40000,
,,,0.001478730000,  24.40000,
,,,0.001478740000,  24.00000,
,,,0.001478750000,  24.40000,
,,,0.001478760000,  24.00000,
,,,0.001478770000,  24.00000,
,,,0.001478780000,  24.00000,
,,,0.001478790000,  24.00000,
,,,0.001478800000,  24.00000,
,,,0.001478810000,  24.00000,
,,,0.001478820000,  24.40000,
,,,0.001478830000,  24.00000,
,,,0.001478840000,  24.40000,
,,,0.001478850000,  24.00000,
,,,0.001478860000,  24.00000,
,,,0.001478870000,  24.00000,
,,,0.001478880000,  24.00000,
,,,0.001478890000,  24.00000,
,,,0.001478900000,  24.40000,
,,,0.001478910000,  24.00000,
,,,0.001478920000,  24.00000,
,,,0.001478930000,  24.00000,
,,,0.001478940000,  24.40000,
,,,0.001478950000,  24.40000,
,,,0.001478960000,  24.00000,
,,,0.001478970000,  24.00000,
,,,0.001478980000,  24.40000,
,,,0.001478990000,  24.40000,
,,,0.001479000000,  24.00000,
,,,0.001479010000,  24.40000,
,,,0.001479020000,  24.40000,
,,,0.001479030000,  24.00000,
,,,0.001479040000,  24.40000,
,,,0.001479050000,  24.40000,
,,,0.001479060000,  24.40000,
,,,0.001479070000,  24.00000,
,,,0.001479080000,  24.00000,
,,,0.001479090000,  24.00000,
,,,0.001479100000,  24.40000,
,,,0.001479110000,  24.40000,
,,,0.001479120000,  24.00000,
,,,0.001479130000,  24.40000,
,,,0.001479140000,  24.40000,
,,,0.001479150000,  24.40000,
,,,0.001479160000,  24.40000,
,,,0.001479170000,  24.00000,
,,,0.001479180000,  24.40000,
,,,0.001479190000,  24.00000,
,,,0.001479200000,  24.40000,
,,,0.001479210000,  24.00000,
,,,0.001479220000,  24.40000,
,,,0.001479230000,  24.00000,
,,,0.001479240000,  24.00000,
,,,0.001479250000,  24.00000,
,,,0.001479260000,  24.00000,
,,,0.001479270000,  24.40000,
,,,0.001479280000,  24.00000,
,,,0.001479290000,  24.40000,
,,,0.001479300000,  24.00000,
,,,0.001479310000,  24.00000,
,,,0.001479320000,  24.00000,
,,,0.001479330000,  24.40000,
,,,0.001479340000,  24.40000,
,,,0.001479350000,  24.00000,
,,,0.001479360000,  24.40000,
,,,0.001479370000,  24.40000,
,,,0.001479380000,  24.40000,
,,,0.001479390000,  24.00000,
,,,0.001479400000,  24.00000,
,,,0.001479410000,  24.40000,
,,,0.001479420000,  24.00000,
,,,0.001479430000,  24.00000,
,,,0.001479440000,  24.00000,
,,,0.001479450000,  24.00000,
,,,0.001479460000,  24.40000,
,,,0.001479470000,  24.00000,
,,,0.001479480000,  24.40000,
,,,0.001479490000,  24.00000,
,,,0.001479500000,  24.40000,
,,,0.001479510000,  24.00000,
,,,0.001479520000,  24.40000,
,,,0.001479530000,  24.00000,
,,,0.001479540000,  24.00000,
,,,0.001479550000,  24.00000,
,,,0.001479560000,  24.40000,
,,,0.001479570000,  24.00000,
,,,0.001479580000,  24.40000,
,,,0.001479590000,  24.00000,
,,,0.001479600000,  24.40000,
,,,0.001479610000,  24.00000,
,,,0.001479620000,  24.00000,
,,,0.001479630000,  24.00000,
,,,0.001479640000,  24.00000,
,,,0.001479650000,  24.00000,
,,,0.001479660000,  24.40000,
,,,0.001479670000,  24.40000,
,,,0.001479680000,  24.40000,
,,,0.001479690000,  24.00000,
,,,0.001479700000,  24.00000,
,,,0.001479710000,  24.40000,
,,,0.001479720000,  24.00000,
,,,0.001479730000,  24.00000,
,,,0.001479740000,  24.40000,
,,,0.001479750000,  24.40000,
,,,0.001479760000,  24.00000,
,,,0.001479770000,  24.00000,
,,,0.001479780000,  24.00000,
,,,0.001479790000,  24.00000,
,,,0.001479800000,  24.00000,
,,,0.001479810000,  24.40000,
,,,0.001479820000,  24.40000,
,,,0.001479830000,  24.00000,
,,,0.001479840000,  24.00000,
,,,0.001479850000,  24.00000,
,,,0.001479860000,  24.40000,
,,,0.001479870000,  24.00000,
,,,0.001479880000,  24.00000,
,,,0.001479890000,  24.00000,
,,,0.001479900000,  24.00000,
,,,0.001479910000,  24.00000,
,,,0.001479920000,  24.00000,
,,,0.001479930000,  24.40000,
,,,0.001479940000,  24.00000,
,,,0.001479950000,  24.40000,
,,,0.001479960000,  24.00000,
,,,0.001479970000,  24.00000,
,,,0.001479980000,  24.00000,
,,,0.001479990000,  24.00000,
,,,0.001480000000,  24.40000,
,,,0.001480010000,  24.40000,
,,,0.001480020000,  24.40000,
,,,0.001480030000,  24.40000,
,,,0.001480040000,  24.00000,
,,,0.001480050000,  24.00000,
,,,0.001480060000,  24.40000,
,,,0.001480070000,  24.00000,
,,,0.001480080000,  24.00000,
,,,0.001480090000,  24.40000,
,,,0.001480100000,  24.00000,
,,,0.001480110000,  24.40000,
,,,0.001480120000,  24.40000,
,,,0.001480130000,  24.40000,
,,,0.001480140000,  24.40000,
,,,0.001480150000,  24.00000,
,,,0.001480160000,  24.00000,
,,,0.001480170000,  24.40000,
,,,0.001480180000,  24.40000,
,,,0.001480190000,  24.00000,
,,,0.001480200000,  24.40000,
,,,0.001480210000,  24.40000,
,,,0.001480220000,  24.40000,
,,,0.001480230000,  24.40000,
,,,0.001480240000,  24.40000,
,,,0.001480250000,  24.40000,
,,,0.001480260000,  24.00000,
,,,0.001480270000,  24.00000,
,,,0.001480280000,  24.40000,
,,,0.001480290000,  24.00000,
,,,0.001480300000,  24.40000,
,,,0.001480310000,  24.00000,
,,,0.001480320000,  24.00000,
,,,0.001480330000,  24.40000,
,,,0.001480340000,  24.00000,
,,,0.001480350000,  24.40000,
,,,0.001480360000,  24.40000,
,,,0.001480370000,  24.40000,
,,,0.001480380000,  24.40000,
,,,0.001480390000,  24.00000,
,,,0.001480400000,  24.40000,
,,,0.001480410000,  24.00000,
,,,0.001480420000,  24.00000,
,,,0.001480430000,  24.40000,
,,,0.001480440000,  24.40000,
,,,0.001480450000,  24.40000,
,,,0.001480460000,  24.00000,
,,,0.001480470000,  24.00000,
,,,0.001480480000,  24.00000,
,,,0.001480490000,  24.40000,
,,,0.001480500000,  24.00000,
,,,0.001480510000,  24.00000,
,,,0.001480520000,  24.40000,
,,,0.001480530000,  24.40000,
,,,0.001480540000,  24.40000,
,,,0.001480550000,  24.00000,
,,,0.001480560000,  24.00000,
,,,0.001480570000,  24.00000,
,,,0.001480580000,  24.00000,
,,,0.001480590000,  24.00000,
,,,0.001480600000,  24.00000,
,,,0.001480610000,  24.00000,
,,,0.001480620000,  24.40000,
,,,0.001480630000,  24.00000,
,,,0.001480640000,  24.40000,
,,,0.001480650000,  24.00000,
,,,0.001480660000,  24.40000,
,,,0.001480670000,  24.00000,
,,,0.001480680000,  24.00000,
,,,0.001480690000,  24.40000,
,,,0.001480700000,  24.00000,
,,,0.001480710000,  24.00000,
,,,0.001480720000,  24.40000,
,,,0.001480730000,  24.40000,
,,,0.001480740000,  24.00000,
,,,0.001480750000,  24.00000,
,,,0.001480760000,  24.40000,
,,,0.001480770000,  24.00000,
,,,0.001480780000,  24.40000,
,,,0.001480790000,  24.00000,
,,,0.001480800000,  24.00000,
,,,0.001480810000,  24.40000,
,,,0.001480820000,  24.40000,
,,,0.001480830000,  24.00000,
,,,0.001480840000,  24.40000,
,,,0.001480850000,  24.40000,
,,,0.001480860000,  24.00000,
,,,0.001480870000,  24.40000,
,,,0.001480880000,  24.00000,
,,,0.001480890000,  24.40000,
,,,0.001480900000,  24.40000,
,,,0.001480910000,  24.00000,
,,,0.001480920000,  24.40000,
,,,0.001480930000,  24.00000,
,,,0.001480940000,  24.00000,
,,,0.001480950000,  24.40000,
,,,0.001480960000,  24.00000,
,,,0.001480970000,  24.40000,
,,,0.001480980000,  24.00000,
,,,0.001480990000,  24.40000,
,,,0.001481000000,  24.00000,
,,,0.001481010000,  24.00000,
,,,0.001481020000,  24.40000,
,,,0.001481030000,  24.00000,
,,,0.001481040000,  24.40000,
,,,0.001481050000,  24.00000,
,,,0.001481060000,  24.40000,
,,,0.001481070000,  24.40000,
,,,0.001481080000,  24.40000,
,,,0.001481090000,  24.40000,
,,,0.001481100000,  24.00000,
,,,0.001481110000,  24.00000,
,,,0.001481120000,  24.40000,
,,,0.001481130000,  24.40000,
,,,0.001481140000,  24.40000,
,,,0.001481150000,  24.00000,
,,,0.001481160000,  24.40000,
,,,0.001481170000,  24.00000,
,,,0.001481180000,  24.00000,
,,,0.001481190000,  24.00000,
,,,0.001481200000,  24.00000,
,,,0.001481210000,  24.40000,
,,,0.001481220000,  24.40000,
,,,0.001481230000,  24.00000,
,,,0.001481240000,  24.00000,
,,,0.001481250000,  24.40000,
,,,0.001481260000,  24.00000,
,,,0.001481270000,  24.40000,
,,,0.001481280000,  24.40000,
,,,0.001481290000,  24.00000,
,,,0.001481300000,  24.00000,
,,,0.001481310000,  24.40000,
,,,0.001481320000,  24.40000,
,,,0.001481330000,  24.40000,
,,,0.001481340000,  24.00000,
,,,0.001481350000,  24.00000,
,,,0.001481360000,  24.40000,
,,,0.001481370000,  24.40000,
,,,0.001481380000,  24.00000,
,,,0.001481390000,  24.40000,
,,,0.001481400000,  24.00000,
,,,0.001481410000,  24.40000,
,,,0.001481420000,  24.00000,
,,,0.001481430000,  24.40000,
,,,0.001481440000,  24.00000,
,,,0.001481450000,  24.40000,
,,,0.001481460000,  24.00000,
,,,0.001481470000,  24.40000,
,,,0.001481480000,  24.00000,
,,,0.001481490000,  24.00000,
,,,0.001481500000,  24.00000,
,,,0.001481510000,  24.40000,
,,,0.001481520000,  24.40000,
,,,0.001481530000,  24.40000,
,,,0.001481540000,  24.40000,
,,,0.001481550000,  24.00000,
,,,0.001481560000,  24.00000,
,,,0.001481570000,  24.40000,
,,,0.001481580000,  24.00000,
,,,0.001481590000,  24.40000,
,,,0.001481600000,  24.00000,
,,,0.001481610000,  24.00000,
,,,0.001481620000,  24.40000,
,,,0.001481630000,  24.40000,
,,,0.001481640000,  24.40000,
,,,0.001481650000,  24.40000,
,,,0.001481660000,  24.00000,
,,,0.001481670000,  24.40000,
,,,0.001481680000,  24.00000,
,,,0.001481690000,  24.40000,
,,,0.001481700000,  24.00000,
,,,0.001481710000,  24.40000,
,,,0.001481720000,  24.40000,
,,,0.001481730000,  24.00000,
,,,0.001481740000,  24.00000,
,,,0.001481750000,  24.40000,
,,,0.001481760000,  24.40000,
,,,0.001481770000,  24.00000,
,,,0.001481780000,  24.00000,
,,,0.001481790000,  24.40000,
,,,0.001481800000,  24.00000,
,,,0.001481810000,  24.40000,
,,,0.001481820000,  24.40000,
,,,0.001481830000,  24.40000,
,,,0.001481840000,  24.00000,
,,,0.001481850000,  24.00000,
,,,0.001481860000,  24.00000,
,,,0.001481870000,  24.40000,
,,,0.001481880000,  24.00000,
,,,0.001481890000,  24.00000,
,,,0.001481900000,  24.00000,
,,,0.001481910000,  24.40000,
,,,0.001481920000,  24.00000,
,,,0.001481930000,  24.40000,
,,,0.001481940000,  24.40000,
,,,0.001481950000,  24.40000,
,,,0.001481960000,  24.40000,
,,,0.001481970000,  24.00000,
,,,0.001481980000,  24.00000,
,,,0.001481990000,  24.00000,
,,,0.001482000000,  24.40000,
,,,0.001482010000,  24.00000,
,,,0.001482020000,  24.00000,
,,,0.001482030000,  24.40000,
,,,0.001482040000,  24.00000,
,,,0.001482050000,  24.00000,
,,,0.001482060000,  24.00000,
,,,0.001482070000,  24.40000,
,,,0.001482080000,  24.00000,
,,,0.001482090000,  24.40000,
,,,0.001482100000,  24.40000,
,,,0.001482110000,  24.00000,
,,,0.001482120000,  24.40000,
,,,0.001482130000,  24.00000,
,,,0.001482140000,  24.40000,
,,,0.001482150000,  24.40000,
,,,0.001482160000,  24.00000,
,,,0.001482170000,  24.00000,
,,,0.001482180000,  24.40000,
,,,0.001482190000,  24.00000,
,,,0.001482200000,  24.40000,
,,,0.001482210000,  24.00000,
,,,0.001482220000,  24.40000,
,,,0.001482230000,  24.00000,
,,,0.001482240000,  24.00000,
,,,0.001482250000,  24.00000,
,,,0.001482260000,  24.40000,
,,,0.001482270000,  24.00000,
,,,0.001482280000,  24.40000,
,,,0.001482290000,  24.00000,
,,,0.001482300000,  24.40000,
,,,0.001482310000,  24.00000,
,,,0.001482320000,  24.00000,
,,,0.001482330000,  24.40000,
,,,0.001482340000,  24.00000,
,,,0.001482350000,  24.40000,
,,,0.001482360000,  24.40000,
,,,0.001482370000,  24.00000,
,,,0.001482380000,  24.40000,
,,,0.001482390000,  24.00000,
,,,0.001482400000,  24.40000,
,,,0.001482410000,  24.40000,
,,,0.001482420000,  24.40000,
,,,0.001482430000,  24.00000,
,,,0.001482440000,  24.00000,
,,,0.001482450000,  24.00000,
,,,0.001482460000,  24.00000,
,,,0.001482470000,  24.00000,
,,,0.001482480000,  24.00000,
,,,0.001482490000,  24.00000,
,,,0.001482500000,  24.00000,
,,,0.001482510000,  24.00000,
,,,0.001482520000,  24.00000,
,,,0.001482530000,  24.00000,
,,,0.001482540000,  24.00000,
,,,0.001482550000,  24.00000,
,,,0.001482560000,  24.40000,
,,,0.001482570000,  24.40000,
,,,0.001482580000,  24.40000,
,,,0.001482590000,  24.00000,
,,,0.001482600000,  24.00000,
,,,0.001482610000,  24.00000,
,,,0.001482620000,  24.40000,
,,,0.001482630000,  24.00000,
,,,0.001482640000,  24.00000,
,,,0.001482650000,  24.00000,
,,,0.001482660000,  24.00000,
,,,0.001482670000,  24.00000,
,,,0.001482680000,  24.00000,
,,,0.001482690000,  24.40000,
,,,0.001482700000,  24.40000,
,,,0.001482710000,  24.00000,
,,,0.001482720000,  24.00000,
,,,0.001482730000,  24.00000,
,,,0.001482740000,  24.00000,
,,,0.001482750000,  24.00000,
,,,0.001482760000,  24.40000,
,,,0.001482770000,  24.00000,
,,,0.001482780000,  24.00000,
,,,0.001482790000,  24.40000,
,,,0.001482800000,  24.00000,
,,,0.001482810000,  24.00000,
,,,0.001482820000,  24.00000,
,,,0.001482830000,  24.00000,
,,,0.001482840000,  24.00000,
,,,0.001482850000,  24.40000,
,,,0.001482860000,  24.40000,
,,,0.001482870000,  24.00000,
,,,0.001482880000,  24.40000,
,,,0.001482890000,  24.00000,
,,,0.001482900000,  24.40000,
,,,0.001482910000,  24.00000,
,,,0.001482920000,  24.00000,
,,,0.001482930000,  24.00000,
,,,0.001482940000,  24.00000,
,,,0.001482950000,  24.40000,
,,,0.001482960000,  24.00000,
,,,0.001482970000,  24.00000,
,,,0.001482980000,  24.40000,
,,,0.001482990000,  24.40000,
,,,0.001483000000,  24.00000,
,,,0.001483010000,  24.00000,
,,,0.001483020000,  24.00000,
,,,0.001483030000,  24.00000,
,,,0.001483040000,  24.00000,
,,,0.001483050000,  24.00000,
,,,0.001483060000,  24.40000,
,,,0.001483070000,  24.00000,
,,,0.001483080000,  24.00000,
,,,0.001483090000,  24.40000,
,,,0.001483100000,  24.40000,
,,,0.001483110000,  24.00000,
,,,0.001483120000,  24.00000,
,,,0.001483130000,  24.40000,
,,,0.001483140000,  24.00000,
,,,0.001483150000,  24.00000,
,,,0.001483160000,  24.00000,
,,,0.001483170000,  24.00000,
,,,0.001483180000,  24.40000,
,,,0.001483190000,  24.40000,
,,,0.001483200000,  24.00000,
,,,0.001483210000,  24.00000,
,,,0.001483220000,  24.00000,
,,,0.001483230000,  24.00000,
,,,0.001483240000,  24.00000,
,,,0.001483250000,  24.00000,
,,,0.001483260000,  24.00000,
,,,0.001483270000,  24.00000,
,,,0.001483280000,  24.00000,
,,,0.001483290000,  24.00000,
,,,0.001483300000,  24.40000,
,,,0.001483310000,  24.00000,
,,,0.001483320000,  24.00000,
,,,0.001483330000,  24.40000,
,,,0.001483340000,  24.00000,
,,,0.001483350000,  24.40000,
,,,0.001483360000,  24.00000,
,,,0.001483370000,  24.40000,
,,,0.001483380000,  24.00000,
,,,0.001483390000,  24.00000,
,,,0.001483400000,  24.00000,
,,,0.001483410000,  24.00000,
,,,0.001483420000,  24.00000,
,,,0.001483430000,  24.40000,
,,,0.001483440000,  24.00000,
,,,0.001483450000,  24.40000,
,,,0.001483460000,  24.00000,
,,,0.001483470000,  24.00000,
,,,0.001483480000,  24.40000,
,,,0.001483490000,  24.40000,
,,,0.001483500000,  24.00000,
,,,0.001483510000,  24.40000,
,,,0.001483520000,  24.00000,
,,,0.001483530000,  24.40000,
,,,0.001483540000,  24.00000,
,,,0.001483550000,  24.00000,
,,,0.001483560000,  24.00000,
,,,0.001483570000,  24.40000,
,,,0.001483580000,  24.00000,
,,,0.001483590000,  24.40000,
,,,0.001483600000,  24.00000,
,,,0.001483610000,  24.40000,
,,,0.001483620000,  24.40000,
,,,0.001483630000,  24.40000,
,,,0.001483640000,  24.00000,
,,,0.001483650000,  24.00000,
,,,0.001483660000,  24.00000,
,,,0.001483670000,  24.40000,
,,,0.001483680000,  24.40000,
,,,0.001483690000,  24.40000,
,,,0.001483700000,  24.40000,
,,,0.001483710000,  24.40000,
,,,0.001483720000,  24.00000,
,,,0.001483730000,  24.40000,
,,,0.001483740000,  24.40000,
,,,0.001483750000,  24.00000,
,,,0.001483760000,  24.00000,
,,,0.001483770000,  24.40000,
,,,0.001483780000,  24.00000,
,,,0.001483790000,  24.00000,
,,,0.001483800000,  24.00000,
,,,0.001483810000,  24.40000,
,,,0.001483820000,  24.00000,
,,,0.001483830000,  24.00000,
,,,0.001483840000,  24.40000,
,,,0.001483850000,  24.00000,
,,,0.001483860000,  24.40000,
,,,0.001483870000,  24.40000,
,,,0.001483880000,  24.00000,
,,,0.001483890000,  24.40000,
,,,0.001483900000,  24.00000,
,,,0.001483910000,  24.00000,
,,,0.001483920000,  24.00000,
,,,0.001483930000,  24.40000,
,,,0.001483940000,  24.40000,
,,,0.001483950000,  24.00000,
,,,0.001483960000,  24.00000,
,,,0.001483970000,  24.40000,
,,,0.001483980000,  24.40000,
,,,0.001483990000,  24.40000,
,,,0.001484000000,  24.40000,
,,,0.001484010000,  24.00000,
,,,0.001484020000,  24.00000,
,,,0.001484030000,  24.40000,
,,,0.001484040000,  24.40000,
,,,0.001484050000,  24.40000,
,,,0.001484060000,  24.40000,
,,,0.001484070000,  24.40000,
,,,0.001484080000,  24.00000,
,,,0.001484090000,  24.40000,
,,,0.001484100000,  24.40000,
,,,0.001484110000,  24.40000,
,,,0.001484120000,  24.00000,
,,,0.001484130000,  24.40000,
,,,0.001484140000,  24.00000,
,,,0.001484150000,  24.40000,
,,,0.001484160000,  24.40000,
,,,0.001484170000,  24.40000,
,,,0.001484180000,  24.40000,
,,,0.001484190000,  24.00000,
,,,0.001484200000,  24.40000,
,,,0.001484210000,  24.00000,
,,,0.001484220000,  24.00000,
,,,0.001484230000,  24.00000,
,,,0.001484240000,  24.00000,
,,,0.001484250000,  24.40000,
,,,0.001484260000,  24.00000,
,,,0.001484270000,  24.40000,
,,,0.001484280000,  24.00000,
,,,0.001484290000,  24.40000,
,,,0.001484300000,  24.00000,
,,,0.001484310000,  24.40000,
,,,0.001484320000,  24.40000,
,,,0.001484330000,  24.00000,
,,,0.001484340000,  24.40000,
,,,0.001484350000,  24.00000,
,,,0.001484360000,  24.40000,
,,,0.001484370000,  24.00000,
,,,0.001484380000,  24.40000,
,,,0.001484390000,  24.00000,
,,,0.001484400000,  24.40000,
,,,0.001484410000,  24.40000,
,,,0.001484420000,  24.40000,
,,,0.001484430000,  24.40000,
,,,0.001484440000,  24.00000,
,,,0.001484450000,  24.00000,
,,,0.001484460000,  24.00000,
,,,0.001484470000,  24.40000,
,,,0.001484480000,  24.40000,
,,,0.001484490000,  24.00000,
,,,0.001484500000,  24.40000,
,,,0.001484510000,  24.40000,
,,,0.001484520000,  24.40000,
,,,0.001484530000,  24.00000,
,,,0.001484540000,  24.40000,
,,,0.001484550000,  24.40000,
,,,0.001484560000,  24.00000,
,,,0.001484570000,  24.00000,
,,,0.001484580000,  24.40000,
,,,0.001484590000,  24.40000,
,,,0.001484600000,  24.40000,
,,,0.001484610000,  24.40000,
,,,0.001484620000,  24.40000,
,,,0.001484630000,  24.40000,
,,,0.001484640000,  24.40000,
,,,0.001484650000,  24.40000,
,,,0.001484660000,  24.40000,
,,,0.001484670000,  24.40000,
,,,0.001484680000,  24.00000,
,,,0.001484690000,  24.40000,
,,,0.001484700000,  24.00000,
,,,0.001484710000,  24.40000,
,,,0.001484720000,  24.00000,
,,,0.001484730000,  24.00000,
,,,0.001484740000,  24.40000,
,,,0.001484750000,  24.00000,
,,,0.001484760000,  24.40000,
,,,0.001484770000,  24.40000,
,,,0.001484780000,  24.40000,
,,,0.001484790000,  24.40000,
,,,0.001484800000,  24.40000,
,,,0.001484810000,  24.40000,
,,,0.001484820000,  24.00000,
,,,0.001484830000,  24.40000,
,,,0.001484840000,  24.40000,
,,,0.001484850000,  24.40000,
,,,0.001484860000,  24.00000,
,,,0.001484870000,  24.00000,
,,,0.001484880000,  24.40000,
,,,0.001484890000,  24.00000,
,,,0.001484900000,  24.40000,
,,,0.001484910000,  24.00000,
,,,0.001484920000,  24.40000,
,,,0.001484930000,  24.00000,
,,,0.001484940000,  24.00000,
,,,0.001484950000,  24.00000,
,,,0.001484960000,  24.40000,
,,,0.001484970000,  24.00000,
,,,0.001484980000,  24.40000,
,,,0.001484990000,  24.40000,
,,,0.001485000000,  24.00000,
,,,0.001485010000,  24.00000,
,,,0.001485020000,  24.40000,
,,,0.001485030000,  24.40000,
,,,0.001485040000,  24.40000,
,,,0.001485050000,  24.40000,
,,,0.001485060000,  24.40000,
,,,0.001485070000,  24.40000,
,,,0.001485080000,  24.40000,
,,,0.001485090000,  24.40000,
,,,0.001485100000,  24.40000,
,,,0.001485110000,  24.40000,
,,,0.001485120000,  24.40000,
,,,0.001485130000,  24.40000,
,,,0.001485140000,  24.40000,
,,,0.001485150000,  24.40000,
,,,0.001485160000,  24.00000,
,,,0.001485170000,  24.40000,
,,,0.001485180000,  24.40000,
,,,0.001485190000,  24.40000,
,,,0.001485200000,  24.00000,
,,,0.001485210000,  24.40000,
,,,0.001485220000,  24.40000,
,,,0.001485230000,  24.40000,
,,,0.001485240000,  24.00000,
,,,0.001485250000,  24.40000,
,,,0.001485260000,  24.00000,
,,,0.001485270000,  24.40000,
,,,0.001485280000,  24.40000,
,,,0.001485290000,  24.40000,
,,,0.001485300000,  24.40000,
,,,0.001485310000,  24.00000,
,,,0.001485320000,  24.00000,
,,,0.001485330000,  24.40000,
,,,0.001485340000,  24.00000,
,,,0.001485350000,  24.40000,
,,,0.001485360000,  24.40000,
,,,0.001485370000,  24.40000,
,,,0.001485380000,  24.40000,
,,,0.001485390000,  24.40000,
,,,0.001485400000,  24.40000,
,,,0.001485410000,  24.00000,
,,,0.001485420000,  24.40000,
,,,0.001485430000,  24.40000,
,,,0.001485440000,  24.40000,
,,,0.001485450000,  24.40000,
,,,0.001485460000,  24.00000,
,,,0.001485470000,  24.00000,
,,,0.001485480000,  24.00000,
,,,0.001485490000,  24.40000,
,,,0.001485500000,  24.40000,
,,,0.001485510000,  24.00000,
,,,0.001485520000,  24.40000,
,,,0.001485530000,  24.40000,
,,,0.001485540000,  24.40000,
,,,0.001485550000,  24.00000,
,,,0.001485560000,  24.00000,
,,,0.001485570000,  24.40000,
,,,0.001485580000,  24.40000,
,,,0.001485590000,  24.00000,
,,,0.001485600000,  24.00000,
,,,0.001485610000,  24.40000,
,,,0.001485620000,  24.00000,
,,,0.001485630000,  24.40000,
,,,0.001485640000,  24.00000,
,,,0.001485650000,  24.00000,
,,,0.001485660000,  24.00000,
,,,0.001485670000,  24.40000,
,,,0.001485680000,  24.40000,
,,,0.001485690000,  24.00000,
,,,0.001485700000,  24.00000,
,,,0.001485710000,  24.00000,
,,,0.001485720000,  24.00000,
,,,0.001485730000,  24.00000,
,,,0.001485740000,  24.00000,
,,,0.001485750000,  24.40000,
,,,0.001485760000,  24.00000,
,,,0.001485770000,  24.40000,
,,,0.001485780000,  24.40000,
,,,0.001485790000,  24.40000,
,,,0.001485800000,  24.00000,
,,,0.001485810000,  24.00000,
,,,0.001485820000,  24.40000,
,,,0.001485830000,  24.40000,
,,,0.001485840000,  24.40000,
,,,0.001485850000,  24.40000,
,,,0.001485860000,  24.00000,
,,,0.001485870000,  24.40000,
,,,0.001485880000,  24.00000,
,,,0.001485890000,  24.00000,
,,,0.001485900000,  24.00000,
,,,0.001485910000,  24.40000,
,,,0.001485920000,  24.40000,
,,,0.001485930000,  24.00000,
,,,0.001485940000,  24.40000,
,,,0.001485950000,  24.40000,
,,,0.001485960000,  24.00000,
,,,0.001485970000,  24.00000,
,,,0.001485980000,  24.00000,
,,,0.001485990000,  24.00000,
,,,0.001486000000,  24.40000,
,,,0.001486010000,  24.00000,
,,,0.001486020000,  24.40000,
,,,0.001486030000,  24.40000,
,,,0.001486040000,  24.40000,
,,,0.001486050000,  24.40000,
,,,0.001486060000,  24.00000,
,,,0.001486070000,  24.40000,
,,,0.001486080000,  24.40000,
,,,0.001486090000,  24.40000,
,,,0.001486100000,  24.40000,
,,,0.001486110000,  24.40000,
,,,0.001486120000,  24.00000,
,,,0.001486130000,  24.40000,
,,,0.001486140000,  24.40000,
,,,0.001486150000,  24.40000,
,,,0.001486160000,  24.40000,
,,,0.001486170000,  24.00000,
,,,0.001486180000,  24.40000,
,,,0.001486190000,  24.00000,
,,,0.001486200000,  24.40000,
,,,0.001486210000,  24.00000,
,,,0.001486220000,  24.40000,
,,,0.001486230000,  24.40000,
,,,0.001486240000,  24.00000,
,,,0.001486250000,  24.00000,
,,,0.001486260000,  24.00000,
,,,0.001486270000,  24.40000,
,,,0.001486280000,  24.40000,
,,,0.001486290000,  24.00000,
,,,0.001486300000,  24.00000,
,,,0.001486310000,  24.00000,
,,,0.001486320000,  24.40000,
,,,0.001486330000,  24.40000,
,,,0.001486340000,  24.40000,
,,,0.001486350000,  24.00000,
,,,0.001486360000,  24.40000,
,,,0.001486370000,  24.40000,
,,,0.001486380000,  24.40000,
,,,0.001486390000,  24.00000,
,,,0.001486400000,  24.40000,
,,,0.001486410000,  24.00000,
,,,0.001486420000,  24.00000,
,,,0.001486430000,  24.00000,
,,,0.001486440000,  24.40000,
,,,0.001486450000,  24.40000,
,,,0.001486460000,  24.40000,
,,,0.001486470000,  24.00000,
,,,0.001486480000,  24.00000,
,,,0.001486490000,  24.00000,
,,,0.001486500000,  24.40000,
,,,0.001486510000,  24.40000,
,,,0.001486520000,  24.40000,
,,,0.001486530000,  24.00000,
,,,0.001486540000,  24.00000,
,,,0.001486550000,  24.00000,
,,,0.001486560000,  24.40000,
,,,0.001486570000,  24.00000,
,,,0.001486580000,  24.40000,
,,,0.001486590000,  24.00000,
,,,0.001486600000,  24.40000,
,,,0.001486610000,  24.00000,
,,,0.001486620000,  24.00000,
,,,0.001486630000,  24.40000,
,,,0.001486640000,  24.00000,
,,,0.001486650000,  24.00000,
,,,0.001486660000,  24.00000,
,,,0.001486670000,  24.40000,
,,,0.001486680000,  24.00000,
,,,0.001486690000,  24.00000,
,,,0.001486700000,  24.40000,
,,,0.001486710000,  24.40000,
,,,0.001486720000,  24.40000,
,,,0.001486730000,  24.00000,
,,,0.001486740000,  24.40000,
,,,0.001486750000,  24.00000,
,,,0.001486760000,  24.00000,
,,,0.001486770000,  24.00000,
,,,0.001486780000,  24.00000,
,,,0.001486790000,  24.00000,
,,,0.001486800000,  24.00000,
,,,0.001486810000,  24.00000,
,,,0.001486820000,  24.00000,
,,,0.001486830000,  24.40000,
,,,0.001486840000,  24.40000,
,,,0.001486850000,  24.00000,
,,,0.001486860000,  24.00000,
,,,0.001486870000,  24.40000,
,,,0.001486880000,  24.40000,
,,,0.001486890000,  24.00000,
,,,0.001486900000,  24.40000,
,,,0.001486910000,  24.40000,
,,,0.001486920000,  24.00000,
,,,0.001486930000,  24.00000,
,,,0.001486940000,  24.00000,
,,,0.001486950000,  24.00000,
,,,0.001486960000,  24.40000,
,,,0.001486970000,  24.40000,
,,,0.001486980000,  24.40000,
,,,0.001486990000,  24.00000,
,,,0.001487000000,  24.00000,
,,,0.001487010000,  24.00000,
,,,0.001487020000,  24.00000,
,,,0.001487030000,  24.40000,
,,,0.001487040000,  24.40000,
,,,0.001487050000,  24.40000,
,,,0.001487060000,  24.00000,
,,,0.001487070000,  24.40000,
,,,0.001487080000,  24.40000,
,,,0.001487090000,  24.00000,
,,,0.001487100000,  24.40000,
,,,0.001487110000,  24.00000,
,,,0.001487120000,  24.00000,
,,,0.001487130000,  24.00000,
,,,0.001487140000,  24.40000,
,,,0.001487150000,  24.40000,
,,,0.001487160000,  24.00000,
,,,0.001487170000,  24.40000,
,,,0.001487180000,  24.00000,
,,,0.001487190000,  24.40000,
,,,0.001487200000,  24.40000,
,,,0.001487210000,  24.00000,
,,,0.001487220000,  24.40000,
,,,0.001487230000,  24.00000,
,,,0.001487240000,  24.40000,
,,,0.001487250000,  24.00000,
,,,0.001487260000,  24.40000,
,,,0.001487270000,  24.40000,
,,,0.001487280000,  24.40000,
,,,0.001487290000,  24.40000,
,,,0.001487300000,  24.00000,
,,,0.001487310000,  24.40000,
,,,0.001487320000,  24.00000,
,,,0.001487330000,  24.40000,
,,,0.001487340000,  24.00000,
,,,0.001487350000,  24.40000,
,,,0.001487360000,  24.00000,
,,,0.001487370000,  24.00000,
,,,0.001487380000,  24.40000,
,,,0.001487390000,  24.00000,
,,,0.001487400000,  24.40000,
,,,0.001487410000,  24.00000,
,,,0.001487420000,  24.00000,
,,,0.001487430000,  24.00000,
,,,0.001487440000,  24.00000,
,,,0.001487450000,  24.00000,
,,,0.001487460000,  24.00000,
,,,0.001487470000,  24.40000,
,,,0.001487480000,  24.40000,
,,,0.001487490000,  24.00000,
,,,0.001487500000,  24.40000,
,,,0.001487510000,  24.40000,
,,,0.001487520000,  24.40000,
,,,0.001487530000,  24.00000,
,,,0.001487540000,  24.00000,
,,,0.001487550000,  24.00000,
,,,0.001487560000,  24.00000,
,,,0.001487570000,  24.40000,
,,,0.001487580000,  24.40000,
,,,0.001487590000,  24.40000,
,,,0.001487600000,  24.00000,
,,,0.001487610000,  24.40000,
,,,0.001487620000,  24.40000,
,,,0.001487630000,  24.40000,
,,,0.001487640000,  24.00000,
,,,0.001487650000,  24.40000,
,,,0.001487660000,  24.40000,
,,,0.001487670000,  24.00000,
,,,0.001487680000,  24.40000,
,,,0.001487690000,  24.40000,
,,,0.001487700000,  24.40000,
,,,0.001487710000,  24.40000,
,,,0.001487720000,  24.40000,
,,,0.001487730000,  24.40000,
,,,0.001487740000,  24.40000,
,,,0.001487750000,  24.00000,
,,,0.001487760000,  24.40000,
,,,0.001487770000,  24.00000,
,,,0.001487780000,  24.40000,
,,,0.001487790000,  24.00000,
,,,0.001487800000,  24.40000,
,,,0.001487810000,  24.00000,
,,,0.001487820000,  24.40000,
,,,0.001487830000,  24.40000,
,,,0.001487840000,  24.00000,
,,,0.001487850000,  24.40000,
,,,0.001487860000,  24.40000,
,,,0.001487870000,  24.40000,
,,,0.001487880000,  24.40000,
,,,0.001487890000,  24.00000,
,,,0.001487900000,  24.40000,
,,,0.001487910000,  24.00000,
,,,0.001487920000,  24.40000,
,,,0.001487930000,  24.00000,
,,,0.001487940000,  24.00000,
,,,0.001487950000,  24.40000,
,,,0.001487960000,  24.40000,
,,,0.001487970000,  24.40000,
,,,0.001487980000,  24.40000,
,,,0.001487990000,  24.40000,
,,,0.001488000000,  24.40000,
,,,0.001488010000,  24.00000,
,,,0.001488020000,  24.40000,
,,,0.001488030000,  24.00000,
,,,0.001488040000,  24.40000,
,,,0.001488050000,  24.40000,
,,,0.001488060000,  24.40000,
,,,0.001488070000,  24.40000,
,,,0.001488080000,  24.40000,
,,,0.001488090000,  24.40000,
,,,0.001488100000,  24.40000,
,,,0.001488110000,  24.40000,
,,,0.001488120000,  24.40000,
,,,0.001488130000,  24.40000,
,,,0.001488140000,  24.40000,
,,,0.001488150000,  24.40000,
,,,0.001488160000,  24.00000,
,,,0.001488170000,  24.00000,
,,,0.001488180000,  24.40000,
,,,0.001488190000,  24.40000,
,,,0.001488200000,  24.40000,
,,,0.001488210000,  24.40000,
,,,0.001488220000,  24.40000,
,,,0.001488230000,  24.40000,
,,,0.001488240000,  24.40000,
,,,0.001488250000,  24.00000,
,,,0.001488260000,  24.00000,
,,,0.001488270000,  24.40000,
,,,0.001488280000,  24.40000,
,,,0.001488290000,  24.40000,
,,,0.001488300000,  24.40000,
,,,0.001488310000,  24.00000,
,,,0.001488320000,  24.40000,
,,,0.001488330000,  24.00000,
,,,0.001488340000,  24.40000,
,,,0.001488350000,  24.00000,
,,,0.001488360000,  24.00000,
,,,0.001488370000,  24.00000,
,,,0.001488380000,  24.40000,
,,,0.001488390000,  24.40000,
,,,0.001488400000,  24.40000,
,,,0.001488410000,  24.40000,
,,,0.001488420000,  24.40000,
,,,0.001488430000,  24.00000,
,,,0.001488440000,  24.40000,
,,,0.001488450000,  24.00000,
,,,0.001488460000,  24.00000,
,,,0.001488470000,  24.40000,
,,,0.001488480000,  24.40000,
,,,0.001488490000,  24.00000,
,,,0.001488500000,  24.40000,
,,,0.001488510000,  24.00000,
,,,0.001488520000,  24.40000,
,,,0.001488530000,  24.40000,
,,,0.001488540000,  24.40000,
,,,0.001488550000,  24.00000,
,,,0.001488560000,  24.40000,
,,,0.001488570000,  24.40000,
,,,0.001488580000,  24.40000,
,,,0.001488590000,  24.00000,
,,,0.001488600000,  24.00000,
,,,0.001488610000,  24.00000,
,,,0.001488620000,  24.40000,
,,,0.001488630000,  24.00000,
,,,0.001488640000,  24.40000,
,,,0.001488650000,  24.40000,
,,,0.001488660000,  24.00000,
,,,0.001488670000,  24.00000,
,,,0.001488680000,  24.40000,
,,,0.001488690000,  24.40000,
,,,0.001488700000,  24.00000,
,,,0.001488710000,  24.00000,
,,,0.001488720000,  24.00000,
,,,0.001488730000,  24.00000,
,,,0.001488740000,  24.00000,
,,,0.001488750000,  24.00000,
,,,0.001488760000,  24.00000,
,,,0.001488770000,  24.40000,
,,,0.001488780000,  24.00000,
,,,0.001488790000,  24.00000,
,,,0.001488800000,  24.40000,
,,,0.001488810000,  24.40000,
,,,0.001488820000,  24.00000,
,,,0.001488830000,  24.00000,
,,,0.001488840000,  24.40000,
,,,0.001488850000,  24.00000,
,,,0.001488860000,  24.40000,
,,,0.001488870000,  24.00000,
,,,0.001488880000,  24.40000,
,,,0.001488890000,  24.00000,
,,,0.001488900000,  24.00000,
,,,0.001488910000,  24.00000,
,,,0.001488920000,  24.00000,
,,,0.001488930000,  24.40000,
,,,0.001488940000,  24.40000,
,,,0.001488950000,  24.40000,
,,,0.001488960000,  24.00000,
,,,0.001488970000,  24.00000,
,,,0.001488980000,  24.00000,
,,,0.001488990000,  24.40000,
,,,0.001489000000,  24.40000,
,,,0.001489010000,  24.40000,
,,,0.001489020000,  24.40000,
,,,0.001489030000,  24.40000,
,,,0.001489040000,  24.40000,
,,,0.001489050000,  24.40000,
,,,0.001489060000,  24.00000,
,,,0.001489070000,  24.40000,
,,,0.001489080000,  24.40000,
,,,0.001489090000,  24.40000,
,,,0.001489100000,  24.40000,
,,,0.001489110000,  24.00000,
,,,0.001489120000,  24.40000,
,,,0.001489130000,  24.40000,
,,,0.001489140000,  24.00000,
,,,0.001489150000,  24.40000,
,,,0.001489160000,  24.40000,
,,,0.001489170000,  24.40000,
,,,0.001489180000,  24.00000,
,,,0.001489190000,  24.40000,
,,,0.001489200000,  24.00000,
,,,0.001489210000,  24.40000,
,,,0.001489220000,  24.00000,
,,,0.001489230000,  24.00000,
,,,0.001489240000,  24.00000,
,,,0.001489250000,  24.40000,
,,,0.001489260000,  24.00000,
,,,0.001489270000,  24.40000,
,,,0.001489280000,  24.40000,
,,,0.001489290000,  24.40000,
,,,0.001489300000,  24.40000,
,,,0.001489310000,  24.00000,
,,,0.001489320000,  24.40000,
,,,0.001489330000,  24.00000,
,,,0.001489340000,  24.40000,
,,,0.001489350000,  24.00000,
,,,0.001489360000,  24.40000,
,,,0.001489370000,  24.00000,
,,,0.001489380000,  24.40000,
,,,0.001489390000,  24.00000,
,,,0.001489400000,  24.40000,
,,,0.001489410000,  24.00000,
,,,0.001489420000,  24.40000,
,,,0.001489430000,  24.00000,
,,,0.001489440000,  24.00000,
,,,0.001489450000,  24.40000,
,,,0.001489460000,  24.40000,
,,,0.001489470000,  24.00000,
,,,0.001489480000,  24.00000,
,,,0.001489490000,  24.40000,
,,,0.001489500000,  24.00000,
,,,0.001489510000,  24.40000,
,,,0.001489520000,  24.40000,
,,,0.001489530000,  24.00000,
,,,0.001489540000,  24.00000,
,,,0.001489550000,  24.00000,
,,,0.001489560000,  24.40000,
,,,0.001489570000,  24.40000,
,,,0.001489580000,  24.40000,
,,,0.001489590000,  24.40000,
,,,0.001489600000,  24.40000,
,,,0.001489610000,  24.40000,
,,,0.001489620000,  24.00000,
,,,0.001489630000,  24.00000,
,,,0.001489640000,  24.40000,
,,,0.001489650000,  24.00000,
,,,0.001489660000,  24.40000,
,,,0.001489670000,  24.00000,
,,,0.001489680000,  24.40000,
,,,0.001489690000,  24.40000,
,,,0.001489700000,  24.00000,
,,,0.001489710000,  24.00000,
,,,0.001489720000,  24.40000,
,,,0.001489730000,  24.00000,
,,,0.001489740000,  24.00000,
,,,0.001489750000,  24.00000,
,,,0.001489760000,  24.00000,
,,,0.001489770000,  24.00000,
,,,0.001489780000,  24.40000,
,,,0.001489790000,  24.00000,
,,,0.001489800000,  24.00000,
,,,0.001489810000,  24.00000,
,,,0.001489820000,  24.00000,
,,,0.001489830000,  24.00000,
,,,0.001489840000,  24.00000,
,,,0.001489850000,  24.00000,
,,,0.001489860000,  24.00000,
,,,0.001489870000,  24.00000,
,,,0.001489880000,  24.00000,
,,,0.001489890000,  24.00000,
,,,0.001489900000,  24.00000,
,,,0.001489910000,  24.40000,
,,,0.001489920000,  24.40000,
,,,0.001489930000,  24.00000,
,,,0.001489940000,  24.40000,
,,,0.001489950000,  24.40000,
,,,0.001489960000,  24.40000,
,,,0.001489970000,  24.40000,
,,,0.001489980000,  24.00000,
,,,0.001489990000,  24.00000,
,,,0.001490000000,  24.40000,
,,,0.001490010000,  24.40000,
,,,0.001490020000,  24.40000,
,,,0.001490030000,  24.00000,
,,,0.001490040000,  24.00000,
,,,0.001490050000,  24.00000,
,,,0.001490060000,  24.00000,
,,,0.001490070000,  24.40000,
,,,0.001490080000,  24.40000,
,,,0.001490090000,  24.00000,
,,,0.001490100000,  24.40000,
,,,0.001490110000,  24.40000,
,,,0.001490120000,  24.00000,
,,,0.001490130000,  24.00000,
,,,0.001490140000,  24.40000,
,,,0.001490150000,  24.00000,
,,,0.001490160000,  24.40000,
,,,0.001490170000,  24.00000,
,,,0.001490180000,  24.40000,
,,,0.001490190000,  24.00000,
,,,0.001490200000,  24.40000,
,,,0.001490210000,  24.00000,
,,,0.001490220000,  24.40000,
,,,0.001490230000,  24.40000,
,,,0.001490240000,  24.00000,
,,,0.001490250000,  24.40000,
,,,0.001490260000,  24.40000,
,,,0.001490270000,  24.40000,
,,,0.001490280000,  24.40000,
,,,0.001490290000,  24.40000,
,,,0.001490300000,  24.00000,
,,,0.001490310000,  24.00000,
,,,0.001490320000,  24.00000,
,,,0.001490330000,  24.40000,
,,,0.001490340000,  24.40000,
,,,0.001490350000,  24.00000,
,,,0.001490360000,  24.00000,
,,,0.001490370000,  24.00000,
,,,0.001490380000,  24.00000,
,,,0.001490390000,  24.00000,
,,,0.001490400000,  24.00000,
,,,0.001490410000,  24.00000,
,,,0.001490420000,  24.40000,
,,,0.001490430000,  24.40000,
,,,0.001490440000,  24.40000,
,,,0.001490450000,  24.40000,
,,,0.001490460000,  24.00000,
,,,0.001490470000,  24.00000,
,,,0.001490480000,  24.00000,
,,,0.001490490000,  24.40000,
,,,0.001490500000,  24.00000,
,,,0.001490510000,  24.00000,
,,,0.001490520000,  24.40000,
,,,0.001490530000,  24.00000,
,,,0.001490540000,  24.40000,
,,,0.001490550000,  24.00000,
,,,0.001490560000,  24.40000,
,,,0.001490570000,  24.00000,
,,,0.001490580000,  24.00000,
,,,0.001490590000,  24.00000,
,,,0.001490600000,  24.40000,
,,,0.001490610000,  24.00000,
,,,0.001490620000,  24.00000,
,,,0.001490630000,  24.40000,
,,,0.001490640000,  24.00000,
,,,0.001490650000,  24.40000,
,,,0.001490660000,  24.00000,
,,,0.001490670000,  24.00000,
,,,0.001490680000,  24.00000,
,,,0.001490690000,  24.00000,
,,,0.001490700000,  24.40000,
,,,0.001490710000,  24.00000,
,,,0.001490720000,  24.40000,
,,,0.001490730000,  24.40000,
,,,0.001490740000,  24.00000,
,,,0.001490750000,  24.00000,
,,,0.001490760000,  24.00000,
,,,0.001490770000,  24.40000,
,,,0.001490780000,  24.00000,
,,,0.001490790000,  24.40000,
,,,0.001490800000,  24.00000,
,,,0.001490810000,  24.40000,
,,,0.001490820000,  24.00000,
,,,0.001490830000,  24.00000,
,,,0.001490840000,  24.00000,
,,,0.001490850000,  24.00000,
,,,0.001490860000,  24.00000,
,,,0.001490870000,  24.00000,
,,,0.001490880000,  24.00000,
,,,0.001490890000,  24.40000,
,,,0.001490900000,  24.00000,
,,,0.001490910000,  24.00000,
,,,0.001490920000,  24.40000,
,,,0.001490930000,  24.00000,
,,,0.001490940000,  24.40000,
,,,0.001490950000,  24.00000,
,,,0.001490960000,  24.40000,
,,,0.001490970000,  24.40000,
,,,0.001490980000,  24.00000,
,,,0.001490990000,  24.40000,
,,,0.001491000000,  24.40000,
,,,0.001491010000,  24.40000,
,,,0.001491020000,  24.00000,
,,,0.001491030000,  24.40000,
,,,0.001491040000,  24.00000,
,,,0.001491050000,  24.00000,
,,,0.001491060000,  24.40000,
,,,0.001491070000,  24.00000,
,,,0.001491080000,  24.40000,
,,,0.001491090000,  24.00000,
,,,0.001491100000,  24.00000,
,,,0.001491110000,  24.00000,
,,,0.001491120000,  24.40000,
,,,0.001491130000,  24.00000,
,,,0.001491140000,  24.00000,
,,,0.001491150000,  24.40000,
,,,0.001491160000,  24.00000,
,,,0.001491170000,  24.40000,
,,,0.001491180000,  24.00000,
,,,0.001491190000,  24.00000,
,,,0.001491200000,  24.40000,
,,,0.001491210000,  24.00000,
,,,0.001491220000,  24.40000,
,,,0.001491230000,  24.00000,
,,,0.001491240000,  24.40000,
,,,0.001491250000,  24.40000,
,,,0.001491260000,  24.40000,
,,,0.001491270000,  24.40000,
,,,0.001491280000,  24.00000,
,,,0.001491290000,  24.40000,
,,,0.001491300000,  24.40000,
,,,0.001491310000,  24.00000,
,,,0.001491320000,  24.40000,
,,,0.001491330000,  24.40000,
,,,0.001491340000,  24.40000,
,,,0.001491350000,  24.40000,
,,,0.001491360000,  24.40000,
,,,0.001491370000,  24.40000,
,,,0.001491380000,  24.00000,
,,,0.001491390000,  24.00000,
,,,0.001491400000,  24.40000,
,,,0.001491410000,  24.00000,
,,,0.001491420000,  24.40000,
,,,0.001491430000,  24.40000,
,,,0.001491440000,  24.40000,
,,,0.001491450000,  24.40000,
,,,0.001491460000,  24.40000,
,,,0.001491470000,  24.40000,
,,,0.001491480000,  24.40000,
,,,0.001491490000,  24.40000,
,,,0.001491500000,  24.40000,
,,,0.001491510000,  24.40000,
,,,0.001491520000,  24.00000,
,,,0.001491530000,  24.40000,
,,,0.001491540000,  24.00000,
,,,0.001491550000,  24.40000,
,,,0.001491560000,  24.40000,
,,,0.001491570000,  24.00000,
,,,0.001491580000,  24.40000,
,,,0.001491590000,  24.40000,
,,,0.001491600000,  24.00000,
,,,0.001491610000,  24.40000,
,,,0.001491620000,  24.40000,
,,,0.001491630000,  24.00000,
,,,0.001491640000,  24.40000,
,,,0.001491650000,  24.40000,
,,,0.001491660000,  24.00000,
,,,0.001491670000,  24.40000,
,,,0.001491680000,  24.00000,
,,,0.001491690000,  24.40000,
,,,0.001491700000,  24.40000,
,,,0.001491710000,  24.40000,
,,,0.001491720000,  24.00000,
,,,0.001491730000,  24.40000,
,,,0.001491740000,  24.40000,
,,,0.001491750000,  24.40000,
,,,0.001491760000,  24.40000,
,,,0.001491770000,  24.00000,
,,,0.001491780000,  24.40000,
,,,0.001491790000,  24.40000,
,,,0.001491800000,  24.40000,
,,,0.001491810000,  24.40000,
,,,0.001491820000,  24.40000,
,,,0.001491830000,  24.40000,
,,,0.001491840000,  24.40000,
,,,0.001491850000,  24.40000,
,,,0.001491860000,  24.40000,
,,,0.001491870000,  24.00000,
,,,0.001491880000,  24.40000,
,,,0.001491890000,  24.40000,
,,,0.001491900000,  24.00000,
,,,0.001491910000,  24.40000,
,,,0.001491920000,  24.40000,
,,,0.001491930000,  24.40000,
,,,0.001491940000,  24.40000,
,,,0.001491950000,  24.40000,
,,,0.001491960000,  24.40000,
,,,0.001491970000,  24.40000,
,,,0.001491980000,  24.40000,
,,,0.001491990000,  24.40000,
,,,0.001492000000,  24.40000,
,,,0.001492010000,  24.40000,
,,,0.001492020000,  24.40000,
,,,0.001492030000,  24.40000,
,,,0.001492040000,  24.40000,
,,,0.001492050000,  24.40000,
,,,0.001492060000,  24.40000,
,,,0.001492070000,  24.40000,
,,,0.001492080000,  24.40000,
,,,0.001492090000,  24.40000,
,,,0.001492100000,  24.40000,
,,,0.001492110000,  24.40000,
,,,0.001492120000,  24.00000,
,,,0.001492130000,  24.00000,
,,,0.001492140000,  24.40000,
,,,0.001492150000,  24.00000,
,,,0.001492160000,  24.40000,
,,,0.001492170000,  24.40000,
,,,0.001492180000,  24.40000,
,,,0.001492190000,  24.00000,
,,,0.001492200000,  24.40000,
,,,0.001492210000,  24.40000,
,,,0.001492220000,  24.00000,
,,,0.001492230000,  24.00000,
,,,0.001492240000,  24.00000,
,,,0.001492250000,  24.40000,
,,,0.001492260000,  24.40000,
,,,0.001492270000,  24.00000,
,,,0.001492280000,  24.40000,
,,,0.001492290000,  24.00000,
,,,0.001492300000,  24.40000,
,,,0.001492310000,  24.40000,
,,,0.001492320000,  24.40000,
,,,0.001492330000,  24.00000,
,,,0.001492340000,  24.00000,
,,,0.001492350000,  24.40000,
,,,0.001492360000,  24.40000,
,,,0.001492370000,  24.40000,
,,,0.001492380000,  24.40000,
,,,0.001492390000,  24.40000,
,,,0.001492400000,  24.40000,
,,,0.001492410000,  24.40000,
,,,0.001492420000,  24.40000,
,,,0.001492430000,  24.00000,
,,,0.001492440000,  24.00000,
,,,0.001492450000,  24.40000,
,,,0.001492460000,  24.40000,
,,,0.001492470000,  24.00000,
,,,0.001492480000,  24.00000,
,,,0.001492490000,  24.00000,
